user_id_x,person_age,loc_BY,loc_RU,loc_UA,loc_DE,loc_USA,sex_male,bm_weight,bm_height,bm_chest,bm_waist,bm_hip,bm_leg,color_red,color_blue,color_green,color_yellow,color_pink,color_violet,color_orange,color_grey,color_white,color_black,color_light_blue,style_business,style_fitness,style_casual,style_business_casual,style_romantic,style_evening,style_military,brand_H_M,brand_Waikiki,brand_Armani,brand_Moncler,brand_Gucci,brand_Adidas,brand_Nike,brand_BOSS,brand_Levi's,brand_Kenzo,occ_office,occ_doctor,occ_student,occ_teacher,occ_agriculture,occ_military,hobby_automotive,hobby_fitness,hobby_craftmanship,hobby_music,hobby_hunting_fishing,num_looks_liked,user_id_y,look_liked,look_id_1,look_id_2,look_id_3,look_id_4,look_id_5,look_id_6,look_id_7,look_id_8,look_id_9,look_id_10,look_id_11,look_id_12,look_id_13,look_id_14,look_id_15,look_id_16,look_id_17,look_id_18,look_id_19,look_id_20,look_id_21,look_id_22,look_id_23,look_id_24,look_id_25,look_id_26,look_id_27,look_id_28,look_id_29,look_id_30,look_id_31,look_id_32,look_id_33,look_id_34,look_id_35,look_id_36,look_id_37,look_id_38,look_id_39,look_id_40,look_id_41,look_id_42,look_id_43,look_id_44,look_id_45,look_id_46,look_id_47,look_id_48,look_id_49,look_id_50,look_id_51,look_id_52,look_id_53,look_id_54,look_id_55,look_id_56,look_id_57,look_id_58,look_id_59,look_id_60,look_id_61,look_id_62,look_id_63,look_id_64,look_id_65,look_id_66,look_id_67,look_id_68,look_id_69,look_id_70,look_id_71,look_id_72,look_id_73,look_id_74,look_id_75,look_id_76,look_id_77,look_id_78,look_id_79,look_id_80,look_id_81,look_id_82,look_id_83,look_id_84,look_id_85,look_id_86,look_id_87,look_id_88,look_id_89,look_id_90,look_id_91,look_id_92,look_id_93,look_id_94,look_id_95,look_id_96,look_id_97,look_id_98,look_id_99,look_id_100,look_id_101,look_id_102,look_id_103,look_id_104,look_id_105,look_id_106,look_id_107,look_id_108,look_id_109,look_id_110,look_id_111,look_id_112,look_id_113,look_id_114,look_id_115,look_id_116,look_id_117,look_id_118,look_id_119,look_id_120,look_id_121,look_id_122,look_id_123,look_id_124,look_id_125,look_id_126,look_id_127,look_id_128,look_id_129,look_id_130,look_id_131,look_id_132,look_id_133,look_id_134,look_id_135,look_id_136,look_id_137,look_id_138,look_id_139,look_id_140,look_id_141,look_id_142,look_id_143,look_id_144,look_id_145,look_id_146,look_id_147,look_id_148,look_id_149,look_id_150
150,50,1,0,0,0,0,0,74,194,103,70,109,87,1,0,1,0,1,1,1,1,1,0,1,0,1,1,0,0,1,0,1,1,0,1,1,0,0,1,1,1,1,0,1,1,1,1,1,0,0,0,0,90,151,0,0,1,1,1,0,1,1,0,0,1,0,0,1,1,1,1,1,1,1,0,0,1,1,0,1,1,1,0,1,0,1,1,0,1,0,1,1,1,1,1,0,1,1,1,0,0,0,1,1,1,1,1,1,0,0,1,0,0,1,0,0,0,0,1,0,0,0,1,1,0,0,1,1,1,0,0,1,1,1,1,0,0,1,0,1,1,1,0,1,1,0,1,1,0,1,0,1,0,1,1,1,1,1,1,1,1,1,0,0,1,1,1,0,0,1,1,1,0,1,0,0,0,1,0,1,0,1,0,1,1,1,1,0,0,0,1,0,1,1,0,1,1,0,1,0,0,1,1,1,0
40,58,1,0,0,0,0,0,48,168,85,73,92,80,0,1,1,1,1,0,0,1,0,1,1,1,0,1,1,1,1,1,0,0,0,0,0,1,0,1,1,1,0,0,1,1,0,0,1,1,1,0,0,88,41,1,1,1,0,1,1,0,1,1,0,0,0,0,0,1,0,1,1,1,1,1,1,0,0,1,1,0,1,1,0,1,1,0,1,0,0,1,1,1,1,0,0,1,1,1,1,0,0,1,1,1,1,1,0,1,0,1,1,0,1,0,1,1,1,1,0,0,1,0,1,0,0,0,1,1,0,1,1,0,1,0,1,1,0,0,1,1,0,0,1,0,1,1,1,1,0,0,1,1,0,1,0,0,1,0,1,0,0,0,0,1,0,1,1,1,1,0,1,0,1,0,1,1,1,0,1,0,1,1,1,0,1,0,1,1,1,1,1,1,0,1,0,0,0,1,0,1,1,0,1,0
55,19,1,0,0,0,0,0,55,175,93,57,104,82,1,0,1,0,1,0,1,1,1,0,0,0,1,0,1,0,0,0,0,1,0,0,0,1,1,0,0,1,1,1,0,0,0,1,1,1,0,1,1,88,56,1,1,1,1,0,1,1,1,0,0,1,0,1,1,0,0,1,0,0,0,0,1,0,1,1,1,0,1,0,0,1,0,1,0,0,0,1,1,1,1,0,0,0,0,0,0,0,1,0,1,1,1,1,1,1,1,1,1,0,0,0,0,1,0,1,1,0,1,1,1,1,0,1,1,0,0,1,1,1,0,0,0,1,0,1,1,1,0,1,0,0,1,0,1,1,1,1,0,1,0,1,1,1,1,1,0,1,0,0,0,1,0,1,0,1,1,1,1,1,1,1,0,1,1,1,1,1,0,1,1,0,1,1,0,0,0,1,0,1,1,1,0,1,1,0,0,1,1,0,1,1
84,46,0,0,0,0,1,1,75,175,84,88,108,87,0,1,1,1,0,1,1,1,0,0,1,1,0,1,1,0,0,0,0,1,0,1,0,1,1,1,1,1,1,0,0,1,0,0,0,0,0,0,1,88,85,1,1,1,0,0,0,0,0,1,0,0,1,0,1,1,1,1,1,0,1,1,1,1,1,1,0,1,1,0,1,1,1,0,0,0,1,1,1,0,0,0,1,1,0,0,0,0,1,1,0,1,0,1,1,0,1,0,1,0,1,1,1,0,1,1,1,1,0,1,1,0,1,1,1,0,1,1,1,1,1,1,1,1,1,0,1,0,1,1,1,1,1,0,0,0,1,0,1,0,0,0,1,1,0,1,1,1,1,1,1,1,0,1,0,0,1,1,0,1,0,1,1,0,1,0,1,0,0,0,1,0,1,1,0,1,0,0,0,0,0,1,0,0,1,0,1,1,0,1,1,0
98,44,0,0,0,1,0,1,97,197,96,86,92,81,1,1,1,1,0,0,1,1,0,1,0,0,1,0,0,0,0,1,0,0,0,1,0,1,0,1,1,1,1,1,1,1,1,0,0,1,1,0,0,88,99,0,1,0,1,1,0,0,0,1,1,0,1,1,1,0,0,0,1,0,0,0,0,1,1,0,1,0,0,1,1,1,0,0,0,0,0,1,1,1,0,1,0,1,1,1,1,0,0,1,0,1,1,0,0,0,1,1,0,1,1,1,1,1,0,1,0,0,1,1,1,0,0,1,1,1,1,0,1,1,1,1,0,1,1,0,0,1,1,0,1,1,1,1,1,0,1,1,0,1,0,1,1,1,0,0,0,0,0,0,1,1,1,0,1,1,1,1,1,1,1,0,1,0,0,1,1,0,1,0,0,0,1,1,0,1,1,0,0,0,1,1,1,1,1,1,1,0,1,0,1,1
114,48,0,0,0,0,1,0,31,151,95,85,106,80,0,1,0,0,1,1,1,1,1,1,1,1,0,0,0,1,1,1,0,1,0,0,0,1,0,1,0,0,0,1,0,1,0,1,1,1,0,1,0,87,115,0,1,1,1,1,1,1,1,0,1,0,1,1,1,0,1,1,0,0,1,1,0,1,1,1,1,1,0,1,0,0,1,1,1,1,0,0,1,0,0,1,1,1,0,0,1,0,1,0,0,1,1,0,0,0,0,1,1,1,0,1,0,1,1,1,1,0,0,0,1,0,1,0,1,1,1,0,0,1,1,1,1,1,1,0,0,0,0,0,0,0,1,0,0,1,0,1,0,1,0,1,1,0,1,0,1,0,1,1,1,0,1,1,1,1,1,0,0,1,1,0,0,1,0,1,1,0,0,0,1,1,1,0,1,0,1,1,1,0,0,1,0,1,0,1,1,0,1,1,0,1
47,35,0,0,0,1,0,1,55,155,80,62,107,81,0,0,1,1,0,1,1,0,0,1,0,0,0,0,1,1,1,0,1,0,1,0,1,1,1,0,0,0,0,1,0,1,0,0,1,1,0,0,1,86,48,0,0,1,0,1,0,1,0,1,1,0,1,1,1,1,1,1,1,0,1,0,1,1,1,0,0,0,1,1,0,1,1,1,1,0,1,0,1,1,1,1,1,1,1,1,0,1,1,1,1,0,1,1,1,1,1,1,0,0,0,1,1,0,1,0,1,1,0,0,0,0,0,1,1,1,0,0,0,0,0,0,1,1,0,1,0,0,0,1,0,1,1,0,1,1,1,1,0,0,0,1,1,1,1,1,0,1,0,1,1,1,0,0,1,1,1,0,0,0,0,1,0,0,1,0,0,1,1,0,0,0,1,0,1,1,1,0,0,0,1,0,1,0,0,0,1,1,1,0,1,1
61,24,0,0,1,0,0,0,72,192,97,79,100,81,1,1,0,0,1,0,1,1,1,1,1,1,1,0,1,0,1,1,0,1,1,0,0,0,0,1,1,1,1,1,0,0,1,1,0,0,1,0,1,86,62,1,1,0,1,1,1,0,1,1,1,1,1,0,0,1,0,0,0,0,1,1,1,1,0,0,0,0,1,1,0,1,0,1,1,1,1,0,1,0,1,1,0,1,0,0,0,1,0,1,0,0,1,1,0,1,1,0,1,0,1,1,0,1,0,1,1,0,0,0,1,1,1,0,1,0,0,0,1,1,0,1,1,1,1,1,0,0,0,1,0,0,1,0,1,0,0,0,0,1,0,1,0,1,0,1,0,0,1,1,1,0,0,1,1,0,1,1,0,1,1,0,0,1,0,1,1,1,1,0,1,1,0,1,1,1,1,1,1,1,1,1,0,0,0,1,1,0,1,1,1,1
7,28,1,0,0,0,0,0,45,165,94,70,95,87,1,0,1,0,1,1,1,0,1,0,1,0,0,0,1,1,1,1,0,1,0,1,1,0,1,1,0,1,0,0,1,0,1,0,0,0,1,1,1,86,8,1,0,0,0,0,0,1,0,1,1,1,1,1,1,0,1,1,1,0,0,0,1,0,1,1,0,1,1,0,1,0,0,1,0,1,0,0,1,1,1,0,1,1,0,0,1,0,1,0,1,1,0,0,1,0,0,1,0,1,0,0,0,0,1,1,1,1,1,1,0,1,1,0,0,0,1,0,1,1,1,1,0,1,1,0,0,1,1,1,0,1,0,1,0,0,1,0,1,1,0,0,1,1,1,1,1,1,1,1,1,1,1,1,0,1,1,1,1,0,1,1,1,0,0,0,0,1,1,1,0,1,0,1,1,1,1,1,0,0,0,0,1,1,0,0,1,0,0,1,0,1
53,38,1,0,0,0,0,1,71,171,102,82,98,82,1,1,1,0,0,0,1,0,1,0,1,0,1,0,0,1,0,0,0,1,1,1,1,0,0,0,1,0,0,1,0,0,0,1,1,1,0,1,0,85,54,1,1,0,1,1,1,0,1,0,1,1,0,0,1,1,1,1,0,1,0,0,1,1,1,1,1,1,1,1,0,1,0,0,0,0,1,1,1,1,1,0,0,1,1,1,0,0,1,1,0,0,1,0,1,1,1,0,0,1,1,0,1,0,1,1,1,0,0,0,1,1,1,1,1,0,1,1,1,1,1,1,1,1,1,1,1,0,0,1,1,0,0,0,0,0,1,0,0,0,1,0,1,0,0,1,0,0,0,1,1,1,0,0,0,1,0,1,0,0,1,0,1,1,0,0,1,0,1,1,1,0,0,1,0,0,1,0,1,1,0,1,1,0,0,1,0,0,0,1,1,1
160,45,1,0,0,0,0,0,45,165,87,67,93,63,1,1,0,0,1,1,0,1,1,1,0,0,0,1,0,0,0,0,1,1,0,0,0,1,0,0,0,0,0,0,0,0,1,0,1,0,0,0,1,85,161,0,1,0,0,1,0,1,1,1,0,1,1,1,0,1,0,1,1,0,1,0,0,0,0,0,0,0,1,1,1,1,0,0,1,1,0,0,1,0,1,1,1,1,0,1,1,0,1,1,1,1,0,0,0,1,0,1,1,0,0,1,0,1,0,1,0,1,1,1,0,0,1,1,0,1,0,0,1,1,0,0,1,0,1,1,1,1,1,1,0,1,0,1,0,0,0,0,1,1,1,1,0,0,1,1,1,0,0,0,1,1,0,0,1,0,1,1,0,0,1,1,1,0,1,0,1,1,1,1,0,1,1,0,0,0,1,1,1,0,1,1,1,0,0,0,1,0,1,1,1,1
137,37,0,1,0,0,1,0,49,169,97,89,104,85,0,0,1,1,1,1,0,0,1,1,0,1,0,1,1,1,0,0,0,0,0,0,0,0,1,1,1,0,1,0,0,1,0,1,1,1,0,0,1,85,138,1,1,1,0,1,1,0,1,1,1,0,1,0,0,1,0,1,1,0,0,0,0,1,0,0,0,1,0,0,0,1,1,1,1,0,1,1,1,0,1,1,1,0,1,0,0,0,1,1,1,0,1,1,0,1,1,1,1,1,0,0,0,1,1,1,1,1,1,1,1,0,1,1,0,0,1,0,0,1,1,0,0,0,0,0,0,1,0,0,0,1,0,0,1,0,1,1,1,1,1,0,0,1,0,0,1,0,0,1,1,1,1,0,1,0,1,1,1,1,1,1,1,1,1,0,1,0,1,1,1,1,1,0,0,1,0,1,1,1,0,0,1,0,1,0,1,0,1,0,0,0
117,20,0,1,0,0,0,1,64,164,96,61,98,83,1,1,1,1,0,0,1,0,1,0,1,1,0,0,1,1,1,0,0,1,0,1,0,0,1,0,1,1,0,1,1,1,0,0,1,1,1,1,1,85,118,0,0,1,0,0,1,1,0,0,1,1,1,0,1,0,0,1,0,1,1,1,1,0,0,1,0,1,1,0,0,1,0,1,0,1,1,0,1,0,1,1,1,1,1,0,1,0,0,0,1,0,1,0,1,1,0,1,1,0,1,1,1,0,1,1,0,1,0,0,1,0,0,1,1,1,0,0,0,0,0,0,1,1,1,1,1,1,1,0,1,1,0,0,1,1,0,0,1,1,1,1,0,1,1,0,1,1,0,0,1,0,1,1,0,0,1,1,0,1,0,1,1,0,0,0,1,0,1,1,1,1,0,0,1,1,0,1,1,1,0,0,0,0,1,1,1,1,0,1,1,0
73,56,0,0,1,0,0,0,77,197,85,88,95,85,0,1,1,0,1,0,0,1,0,1,1,0,0,1,0,1,0,0,0,0,0,0,1,0,0,1,1,1,1,1,0,0,0,1,0,1,1,0,1,85,74,0,1,1,1,1,1,1,0,0,1,1,0,1,0,1,1,1,0,1,0,1,1,0,1,1,1,1,1,1,0,0,0,1,1,1,0,0,1,1,1,1,0,0,1,1,1,0,1,1,0,1,0,1,1,1,0,1,1,0,1,0,1,1,0,1,1,1,0,0,1,1,0,1,1,1,0,0,0,0,1,1,0,0,1,1,0,0,1,1,1,0,1,1,0,1,1,1,0,0,0,0,1,1,0,1,1,0,0,0,0,0,1,1,0,0,0,1,1,0,0,0,0,0,1,1,1,0,1,0,0,0,0,1,0,1,0,1,0,1,0,0,1,0,1,0,0,1,1,1,1,1
143,26,1,0,0,0,0,1,78,178,95,67,103,90,0,1,1,1,0,0,1,0,0,0,0,0,1,1,1,1,1,1,1,0,0,1,1,0,0,1,0,0,1,1,1,0,0,1,1,0,1,1,1,84,144,1,0,0,0,0,1,1,1,1,0,1,0,0,0,0,0,1,1,0,1,0,0,1,1,1,0,0,1,0,1,0,1,0,0,1,0,0,1,1,0,1,1,1,1,1,0,1,0,0,1,1,1,1,1,1,1,1,0,1,1,0,0,0,0,1,1,0,0,1,1,1,1,0,0,1,0,0,1,1,0,0,0,1,1,1,1,0,0,0,1,1,0,1,0,0,1,0,0,0,1,0,1,1,1,1,0,1,1,1,1,1,0,1,1,1,0,1,1,0,0,1,1,1,0,1,0,1,1,1,0,1,0,1,1,1,1,1,1,0,0,0,1,1,1,0,1,0,0,1,0,0
38,59,0,0,1,0,0,0,45,165,92,58,95,80,1,0,1,0,1,0,1,1,1,1,1,0,1,0,0,1,1,1,0,1,1,1,1,0,0,0,1,0,1,0,1,0,1,1,0,1,1,1,0,84,39,0,0,1,1,1,0,0,0,0,1,1,0,0,0,1,0,1,0,1,1,1,1,0,1,1,1,1,0,1,0,1,0,1,1,0,1,0,1,0,1,0,1,1,1,1,0,0,0,1,0,1,1,1,1,1,1,1,0,1,0,1,1,0,1,1,0,1,0,1,1,1,0,1,0,0,0,1,0,1,1,1,1,0,1,1,0,0,0,1,1,0,1,0,0,1,0,1,0,1,1,0,1,0,0,1,1,0,0,1,0,0,0,0,1,1,0,0,1,1,0,0,0,0,1,1,1,0,1,1,0,0,1,1,1,0,0,1,0,0,1,1,1,1,0,1,1,0,1,1,0,1
56,18,0,0,0,1,0,0,61,181,98,65,92,87,1,0,1,0,1,1,1,0,0,0,0,0,0,0,1,0,1,1,1,1,0,0,1,0,0,0,1,1,0,1,0,0,1,1,0,1,0,0,0,84,57,0,1,1,0,1,1,0,1,0,1,1,0,1,1,1,0,1,0,0,1,1,0,1,1,0,1,1,0,0,0,1,0,0,1,0,1,0,1,1,0,0,0,0,0,1,0,1,0,0,1,1,0,0,1,1,0,1,1,1,1,1,1,1,1,0,0,0,1,0,1,1,1,0,1,0,1,1,0,0,1,1,1,0,1,1,0,0,1,1,1,0,1,1,1,1,1,1,0,1,1,0,1,1,1,1,0,1,1,1,0,1,0,0,0,0,0,1,0,0,1,0,1,1,1,0,0,0,1,0,0,1,0,0,0,0,0,0,1,0,1,0,1,1,0,1,1,1,1,1,1,0
94,59,0,0,1,0,0,1,61,161,82,69,99,88,0,0,1,1,0,1,0,1,1,0,1,0,1,0,0,0,0,1,1,0,0,0,0,1,1,1,0,0,0,1,1,0,1,0,1,1,0,1,0,83,95,0,1,1,1,1,0,0,1,1,1,1,1,0,1,0,0,0,0,0,0,1,1,1,0,0,0,0,0,0,0,1,0,0,1,1,0,0,0,1,1,0,1,1,1,1,1,0,0,1,1,0,1,1,0,1,1,0,0,0,1,1,1,1,0,1,1,0,1,1,0,0,1,0,0,1,0,1,1,1,0,1,1,0,0,0,1,1,0,0,0,1,1,0,1,1,1,0,0,1,1,1,1,1,0,0,1,1,1,0,1,0,1,0,1,0,1,0,1,1,1,1,0,0,1,0,0,1,1,1,0,1,1,1,0,1,0,0,1,1,1,0,1,1,0,0,0,1,0,1,1,0
110,78,0,0,0,0,1,1,75,175,104,86,107,80,1,1,1,0,0,0,1,0,0,1,1,1,0,1,1,0,1,0,1,1,0,1,1,0,0,1,0,1,0,1,0,0,1,1,1,1,0,0,0,83,111,0,0,1,0,0,0,0,1,1,1,0,0,0,1,1,1,0,0,0,1,0,0,0,0,0,1,1,1,1,0,1,1,0,1,1,0,1,0,0,0,1,1,1,1,0,0,1,0,0,1,1,1,1,0,1,1,1,0,1,0,0,0,0,1,0,1,1,0,0,1,0,0,0,1,1,1,1,0,0,1,1,1,0,1,1,1,1,0,1,1,1,1,1,1,0,1,1,1,0,1,1,1,1,0,1,1,1,0,1,1,0,0,0,1,1,1,1,0,0,0,0,1,1,0,0,0,1,1,0,1,1,1,0,0,0,1,0,1,0,1,0,0,1,0,1,1,1,1,0,1,0
51,29,0,0,1,0,0,1,93,193,98,57,107,85,0,1,0,1,0,1,0,0,0,1,0,1,1,0,1,0,1,0,0,1,1,0,1,1,0,1,0,0,0,1,0,1,1,0,0,0,0,0,0,83,52,0,0,0,1,0,0,0,0,1,1,1,1,1,0,0,0,0,1,0,0,1,1,1,1,1,0,1,1,1,1,0,1,0,0,1,1,1,1,1,1,1,1,0,1,0,0,1,1,1,1,0,0,1,1,1,0,1,1,1,1,1,1,1,0,0,0,1,1,1,0,0,1,1,0,0,0,0,1,0,0,0,0,0,0,0,1,1,0,0,1,1,0,0,0,1,1,1,0,1,0,0,0,0,0,0,0,1,1,1,1,0,1,1,1,0,1,0,0,0,1,0,1,1,1,0,1,1,0,1,0,1,1,1,1,1,0,1,0,1,1,0,1,1,1,0,1,0,0,0,1,1
104,17,0,0,0,0,1,1,93,193,89,61,92,85,1,1,1,0,0,0,0,1,1,1,1,0,0,0,0,1,0,1,0,0,0,1,1,1,1,0,1,1,0,1,1,1,0,0,1,1,0,1,1,82,105,0,0,1,0,0,0,1,0,1,0,1,0,1,0,1,0,1,0,1,1,1,0,0,1,1,0,1,1,1,1,1,1,1,1,0,1,0,0,1,1,0,0,1,0,1,1,0,1,1,1,0,1,1,0,1,0,0,0,1,1,1,0,1,0,0,0,0,1,0,1,0,1,1,0,1,0,1,0,0,0,0,0,1,1,0,1,0,0,0,0,1,0,1,1,1,0,1,1,0,1,0,1,0,1,0,1,1,1,0,0,1,1,1,0,1,0,0,0,1,0,1,0,1,0,0,0,1,1,1,0,1,1,1,1,1,0,1,0,1,1,0,1,0,0,1,1,1,1,0,1,1
12,23,1,0,0,0,0,0,57,177,90,91,96,82,1,1,0,1,1,0,1,1,0,1,0,0,1,0,1,1,1,1,1,1,1,1,1,0,0,1,1,1,0,1,0,1,1,0,1,1,1,0,0,82,13,1,1,0,1,0,1,0,1,0,1,1,0,1,0,1,1,1,0,0,1,1,0,1,0,1,1,0,1,0,0,0,1,1,0,1,1,1,1,1,0,0,1,1,0,1,1,1,1,0,1,0,0,1,0,0,0,1,1,1,0,1,1,1,1,1,1,0,0,1,0,0,1,1,1,1,1,0,0,1,1,1,1,1,1,1,1,0,1,0,1,1,0,0,1,0,1,1,0,1,0,0,1,1,0,1,1,1,0,0,0,1,1,0,0,0,0,0,0,1,0,1,0,1,0,1,1,0,0,0,0,1,0,0,0,0,1,0,0,1,0,0,1,0,1,0,1,0,1,1,0,1
162,62,0,0,0,1,0,1,73,173,89,83,91,71,1,1,1,1,0,1,1,0,1,0,1,1,1,1,1,1,1,1,0,0,1,1,1,0,1,1,0,1,1,0,0,0,0,0,1,1,0,1,0,82,163,1,0,1,1,0,1,1,1,1,1,1,0,1,1,0,0,0,0,1,1,1,1,1,0,1,1,0,0,0,1,0,1,0,1,1,0,1,1,0,0,1,0,0,1,0,1,0,1,1,1,0,1,0,1,1,1,1,1,0,0,1,1,1,1,0,0,1,1,1,0,1,0,1,0,0,1,1,1,1,1,0,1,0,0,0,1,0,0,0,0,1,1,0,0,1,0,0,1,1,1,1,1,1,1,0,0,1,0,0,0,0,1,0,1,0,1,0,1,0,1,0,0,1,1,0,0,1,0,0,0,0,0,1,0,1,0,1,0,1,1,1,1,1,1,0,0,1,1,0,1,0
62,55,0,0,0,1,0,0,67,187,105,80,99,88,1,0,0,0,1,1,1,1,1,1,1,1,1,0,1,0,0,0,1,1,1,0,0,1,0,0,1,1,0,1,1,0,1,0,0,0,1,0,1,82,63,1,1,0,1,1,1,0,1,0,0,0,1,1,0,1,0,0,1,1,1,0,0,0,1,0,0,1,1,1,0,0,1,1,1,0,1,0,0,1,0,1,1,1,0,0,0,1,1,1,0,1,1,0,1,1,1,1,0,1,0,1,0,0,0,1,1,0,1,1,0,0,1,0,1,0,1,0,1,0,0,0,0,0,0,1,1,0,1,1,1,0,1,0,1,1,0,1,0,0,0,0,1,1,1,1,1,0,1,0,1,1,1,0,0,0,0,0,1,1,0,0,1,1,1,1,1,0,0,1,0,1,1,1,1,0,0,1,1,1,1,1,0,1,1,0,1,0,0,0,1,1
49,21,0,0,0,0,1,0,69,189,82,61,110,80,0,1,0,0,1,1,0,1,0,1,1,0,1,1,1,1,0,0,1,1,1,0,1,0,0,1,0,0,0,1,0,0,0,1,0,0,1,1,1,82,50,0,0,1,0,0,1,1,1,1,0,1,1,0,0,1,0,0,1,1,0,0,0,0,1,0,0,0,0,0,1,0,0,1,1,0,1,1,0,0,0,0,0,1,0,0,0,1,1,0,1,0,1,1,1,0,0,1,1,1,1,1,1,1,1,0,0,0,1,0,1,0,1,1,1,1,1,1,1,1,1,0,1,1,1,1,1,0,0,1,1,0,1,0,1,0,1,0,1,0,0,0,0,1,0,1,0,0,1,0,0,1,1,1,0,1,1,0,0,1,1,1,0,1,0,0,1,1,1,1,1,1,1,1,0,0,1,1,0,1,1,1,0,1,0,1,0,1,0,1,0,0
154,48,0,1,0,0,0,1,75,175,100,110,115,70,0,1,1,0,0,0,0,1,1,1,0,0,0,1,0,0,0,1,1,1,0,0,0,0,0,0,1,0,0,0,0,0,0,1,1,0,0,0,0,82,155,1,0,0,0,0,0,0,0,1,1,0,1,0,1,0,0,1,0,1,1,0,1,0,1,0,1,0,0,1,1,0,1,1,1,0,0,1,0,1,1,0,1,0,0,1,0,0,0,1,1,0,0,0,1,0,1,0,1,1,1,0,1,1,1,1,0,1,0,1,1,1,0,0,1,0,1,0,0,0,0,0,1,1,1,1,0,0,0,0,0,1,1,1,1,0,1,1,0,1,1,1,0,1,1,0,1,0,1,0,1,0,1,0,0,1,1,1,1,1,0,1,1,0,1,1,1,0,1,0,0,1,1,1,0,1,1,1,0,1,1,1,0,1,0,1,1,1,1,1,0,0
100,34,1,0,0,0,0,1,59,159,95,56,109,86,0,0,1,0,0,1,1,1,0,1,0,1,1,1,1,1,1,0,0,0,1,1,0,1,1,1,1,1,0,0,1,0,1,1,0,0,1,0,1,82,101,0,0,0,1,1,0,1,0,1,0,0,1,0,0,1,1,1,1,0,1,1,0,1,0,1,1,1,0,1,0,0,1,0,0,1,1,1,1,0,0,0,0,1,1,1,0,1,0,1,1,1,0,1,1,0,0,1,1,0,0,0,1,1,1,1,0,0,1,0,1,0,0,0,1,1,1,0,0,0,1,1,0,1,0,1,1,0,0,1,1,0,0,0,1,0,1,1,0,1,0,1,1,1,0,1,0,0,1,1,0,1,1,0,0,0,0,1,0,0,1,1,1,1,0,1,1,0,1,1,1,1,1,0,0,1,1,1,1,0,1,0,1,1,0,0,1,0,0,1,0,1
64,36,0,0,0,0,1,0,34,154,102,77,93,88,1,1,0,0,1,1,0,0,0,1,0,0,0,0,0,0,0,0,1,1,0,1,0,1,1,1,0,0,0,0,0,0,1,1,0,1,0,0,0,81,65,1,1,1,0,0,0,1,1,1,0,1,0,0,0,1,1,1,1,1,1,0,1,0,0,1,1,1,1,0,1,1,1,1,1,0,1,1,1,1,1,0,0,1,1,0,1,0,1,0,1,0,0,1,1,1,0,1,1,0,0,0,1,1,1,1,0,0,1,0,0,1,1,0,0,1,1,1,1,1,1,1,0,1,1,1,0,0,0,1,0,0,0,1,1,1,1,0,1,0,1,0,0,0,0,0,0,1,0,0,0,0,1,0,1,0,0,1,0,0,1,1,0,0,0,1,0,1,1,0,1,0,1,0,0,0,1,1,1,0,0,1,0,0,1,1,1,1,0,1,0,0
71,24,0,0,0,1,0,0,75,195,94,65,103,87,1,1,0,1,1,0,0,1,0,0,0,0,1,0,0,1,0,0,0,0,1,1,1,0,0,0,0,0,0,0,0,1,1,1,0,0,0,0,1,81,72,1,0,1,1,0,0,0,1,0,0,0,0,1,1,1,1,1,1,1,0,0,0,1,1,1,0,1,0,1,1,0,0,1,0,0,0,0,0,1,1,1,0,0,1,0,1,0,1,1,0,1,1,0,0,1,0,1,1,1,0,1,0,1,1,1,1,1,1,0,0,1,0,0,1,0,1,1,1,0,0,0,0,0,1,1,1,1,1,1,0,0,0,1,1,1,0,0,0,0,1,1,1,0,0,0,1,1,0,0,0,1,1,1,1,1,1,1,0,0,0,0,1,1,0,1,1,1,1,0,0,1,0,1,1,0,0,1,0,0,0,1,1,1,0,0,0,1,1,1,1,1
129,23,0,0,1,0,0,0,47,167,100,62,90,82,1,0,1,0,1,1,1,1,1,1,0,1,1,1,0,1,0,1,1,1,1,1,1,1,1,1,0,0,0,1,0,0,1,1,1,1,0,0,1,81,130,0,0,0,0,0,1,1,1,0,0,0,1,1,1,1,1,0,1,1,0,1,1,0,0,0,0,1,0,0,1,1,0,1,1,1,1,0,1,1,0,1,1,1,0,1,0,0,0,1,0,1,1,0,1,1,1,1,1,0,1,0,1,0,1,1,1,0,1,1,1,0,0,1,1,0,1,1,0,1,0,1,1,0,1,0,1,0,0,0,1,1,0,1,1,0,0,0,1,0,1,0,0,0,1,0,1,0,0,1,1,1,1,1,1,0,1,1,1,0,0,0,1,0,0,1,0,0,0,0,1,1,1,0,0,1,0,1,1,0,0,1,1,0,1,1,0,0,0,1,0,1
60,28,0,0,0,0,1,1,76,176,93,87,104,86,1,1,0,1,0,0,1,1,0,1,0,0,1,1,1,1,1,0,0,1,1,1,1,1,0,0,1,0,1,1,1,1,1,0,0,0,1,1,0,81,61,1,1,0,1,1,1,1,1,1,1,0,0,0,1,1,1,0,1,1,1,0,1,1,0,1,1,0,0,0,1,1,0,1,1,1,0,0,1,1,0,1,1,0,0,1,0,0,1,0,1,1,1,0,0,0,0,1,1,0,0,1,1,0,0,0,0,1,1,0,1,1,1,1,1,0,1,1,0,0,0,1,0,1,0,1,1,0,0,1,1,1,0,1,0,1,1,1,0,1,1,1,1,0,1,0,0,0,0,1,0,1,0,0,1,0,1,0,1,0,0,0,0,1,0,0,1,1,1,0,1,0,0,1,1,1,0,0,1,1,0,0,0,0,0,1,1,1,0,0,1,1
31,37,0,0,0,1,0,0,60,180,94,85,95,88,1,0,1,1,1,0,0,1,0,1,0,1,0,1,1,1,1,1,0,0,0,0,0,0,0,0,1,0,1,1,0,0,1,1,1,1,1,0,0,81,32,0,1,0,0,1,1,0,0,0,1,0,0,0,1,1,0,1,1,1,0,1,1,0,1,1,1,0,0,1,1,1,0,1,1,1,0,1,1,1,0,1,0,1,0,1,0,0,1,1,1,0,1,1,1,0,1,0,0,1,1,1,1,1,0,1,0,1,0,0,1,0,1,0,1,0,0,1,0,0,0,1,1,1,0,0,0,1,0,0,0,1,1,0,0,0,0,1,1,0,0,1,0,0,0,1,1,1,1,0,1,0,1,0,0,1,1,0,1,1,1,1,1,0,1,1,1,0,0,1,1,1,0,0,0,1,0,0,1,0,0,1,0,0,1,0,1,1,1,1,1,0
147,47,0,1,0,0,0,1,54,154,99,84,97,88,1,1,0,1,0,0,1,1,1,1,0,0,0,0,1,0,1,1,0,0,1,1,1,1,0,1,1,1,1,0,1,0,0,0,0,0,1,0,0,81,148,0,1,1,0,0,0,0,1,0,1,1,0,0,0,1,1,1,1,1,0,1,1,1,0,1,0,1,1,0,0,1,1,0,0,0,0,1,0,1,0,1,0,0,1,0,1,1,1,1,1,1,1,1,1,1,1,1,0,1,1,1,0,1,0,0,0,1,1,1,1,0,1,0,0,1,1,1,0,0,0,0,1,0,0,0,1,1,1,1,0,0,1,0,0,0,1,1,0,1,0,1,1,1,1,1,0,0,0,0,1,1,0,1,1,0,1,1,0,1,1,0,1,0,1,0,0,0,1,0,1,1,1,0,1,0,0,1,0,0,0,1,0,1,0,0,1,1,0,0,1,0
85,43,1,0,0,0,0,0,33,153,89,87,104,80,0,1,0,1,1,1,0,0,1,1,0,0,0,0,1,1,1,1,0,1,0,1,1,0,0,1,1,0,1,1,1,1,1,0,0,0,0,0,1,81,86,0,1,0,0,0,1,1,0,1,1,0,0,1,1,1,1,0,1,0,0,0,1,1,0,1,0,1,1,1,1,1,0,1,0,1,1,1,0,0,1,1,1,1,0,0,0,0,1,1,1,0,1,0,0,1,1,1,1,1,0,0,0,1,1,0,1,1,0,0,0,0,1,0,1,0,1,1,0,0,0,1,0,1,0,1,1,0,0,1,0,0,0,0,1,0,0,1,0,0,0,1,0,1,1,1,1,1,0,1,1,0,1,0,1,1,0,1,0,0,1,1,0,1,0,0,1,0,1,1,1,1,1,1,0,1,1,1,0,1,0,1,1,0,1,0,0,1,0,0,1,0
141,65,0,0,1,0,0,1,89,189,80,57,102,87,1,1,0,0,0,1,1,1,1,1,0,0,0,0,0,1,1,1,0,0,1,0,0,1,0,1,0,0,1,1,0,0,1,0,1,1,0,0,1,81,142,1,1,1,1,0,1,0,1,1,1,0,1,0,1,0,1,1,1,1,0,0,1,1,0,0,0,1,0,1,0,1,1,1,0,1,0,1,1,0,1,0,0,1,1,1,0,0,1,1,1,1,0,0,1,1,0,0,1,0,1,0,0,0,0,0,1,1,0,1,1,1,1,0,1,0,0,1,1,0,0,1,1,1,1,1,0,0,1,0,1,0,1,0,1,1,1,1,1,0,0,0,0,1,1,0,1,0,1,0,1,0,1,0,0,1,0,0,1,1,0,1,1,0,0,1,1,1,0,1,0,0,1,1,0,0,1,0,0,0,0,1,1,0,0,0,0,1,1,1,0,1
130,43,0,0,0,1,0,1,58,158,92,61,104,88,0,0,0,0,0,1,0,1,1,0,1,0,1,1,1,0,1,0,1,0,0,1,1,0,0,1,1,1,0,0,1,1,0,1,0,1,0,0,0,81,131,0,0,1,0,0,0,0,0,0,0,1,1,1,1,1,0,0,1,1,0,1,1,0,0,1,1,1,1,0,0,0,0,1,1,1,0,0,1,0,0,1,1,1,1,1,0,0,0,1,1,1,1,0,0,0,1,0,0,1,1,1,1,0,1,0,1,0,0,1,0,0,0,0,0,1,0,0,1,1,1,1,1,1,0,0,0,1,0,0,1,1,0,0,0,1,1,1,0,1,0,1,0,0,1,1,1,1,0,0,1,0,1,1,0,1,1,0,1,1,0,0,0,1,0,1,1,1,1,1,0,1,1,0,1,1,0,0,1,0,1,0,0,0,1,1,1,1,1,1,1,1
46,32,0,1,0,0,0,0,66,186,81,66,106,83,0,1,0,0,1,0,1,0,1,1,1,0,0,1,0,1,0,0,0,0,1,0,1,1,1,0,1,0,0,1,1,1,1,0,0,1,0,0,1,80,47,0,0,0,0,1,1,1,1,1,1,0,0,0,0,0,1,1,0,0,0,1,0,1,1,1,0,0,1,0,1,1,0,1,0,1,0,1,1,1,1,1,1,0,0,1,0,1,0,0,1,1,1,0,1,1,0,0,0,0,0,0,1,0,1,1,0,1,1,0,0,1,1,1,1,1,0,1,0,1,1,0,1,1,0,0,1,0,1,1,0,1,1,0,1,1,0,0,0,1,0,1,1,1,1,0,0,0,0,0,1,1,0,0,1,1,0,0,0,1,0,1,1,1,1,1,1,0,1,1,0,0,0,1,0,0,0,0,1,1,1,0,0,0,0,0,1,1,1,1,1,1
77,38,0,0,1,0,0,1,95,195,84,83,105,88,1,0,0,1,0,0,0,0,0,1,1,1,0,0,0,1,1,1,0,0,1,1,0,0,1,1,1,1,1,1,0,0,1,1,0,1,0,0,0,80,78,1,0,0,0,1,0,0,1,1,0,0,1,0,1,1,0,1,0,1,1,0,0,1,1,0,0,1,1,0,1,1,0,0,1,0,0,1,1,0,1,1,1,0,0,0,1,0,1,1,0,0,1,0,0,0,1,1,0,1,0,1,0,1,0,0,1,0,1,1,1,0,1,0,0,1,1,0,1,1,0,1,1,1,0,0,0,1,0,1,1,1,1,0,0,0,1,1,1,0,1,1,1,0,0,1,1,1,1,0,0,0,0,1,0,1,0,1,1,1,0,1,1,1,1,0,0,1,0,1,1,0,1,1,0,1,1,1,0,0,1,1,1,0,0,1,1,1,0,0,0,0
105,25,0,1,0,0,0,0,39,159,80,71,105,85,0,0,1,1,1,0,1,0,1,0,1,1,1,0,1,0,1,1,0,0,1,0,0,0,0,0,0,0,0,0,0,0,0,1,1,1,1,0,0,80,106,0,0,1,0,1,0,0,0,1,0,1,1,0,0,1,1,1,1,1,1,1,0,0,1,0,1,0,1,1,1,0,0,1,0,0,0,1,1,1,1,1,0,0,0,0,1,1,1,0,1,0,0,0,0,0,1,0,0,1,0,1,1,1,0,1,0,1,1,1,0,0,1,0,1,0,1,1,1,0,0,0,0,1,1,1,1,1,1,0,0,0,0,1,1,0,0,1,1,1,1,1,1,0,0,1,0,0,0,1,1,0,0,1,1,0,1,0,0,0,0,1,1,0,0,0,1,0,0,1,1,1,0,1,1,1,1,0,1,1,0,1,0,0,1,1,0,0,1,1,1,1
43,23,1,0,0,0,0,0,48,168,87,67,97,89,0,1,1,0,1,1,0,0,0,0,0,0,0,0,1,1,1,1,0,1,0,0,0,1,1,0,1,0,0,0,0,1,1,1,1,0,1,1,1,80,44,1,0,0,1,0,0,0,1,1,1,1,1,0,0,0,0,1,1,0,1,0,0,1,1,1,0,0,0,1,0,1,0,0,1,1,1,0,1,1,1,1,0,0,1,0,1,0,1,0,0,0,0,0,1,1,1,1,1,0,1,0,1,0,1,1,1,0,1,1,1,1,1,1,1,1,0,0,1,1,1,0,0,0,0,0,1,1,1,1,0,1,0,1,0,0,1,0,0,0,1,1,0,0,1,1,0,1,0,1,1,0,0,0,1,0,1,0,1,1,1,1,0,0,1,1,0,1,1,1,0,1,0,0,0,0,0,1,1,0,1,0,0,1,1,1,1,1,0,0,1,0
37,55,0,0,0,0,1,0,67,187,98,85,88,82,1,1,0,1,1,1,0,0,0,1,0,0,0,0,1,0,1,0,1,0,0,1,1,1,1,0,1,0,1,1,0,1,0,0,0,1,1,1,0,80,38,0,0,1,0,0,1,0,1,0,1,1,0,1,1,1,0,0,0,1,0,1,1,1,1,0,0,1,1,0,1,0,1,1,1,0,1,0,0,1,0,1,0,1,0,0,1,0,0,0,1,1,1,1,1,0,1,0,1,1,0,1,1,1,0,0,0,1,1,1,0,0,1,0,1,1,1,0,1,1,0,0,0,1,1,1,0,1,0,1,0,0,0,1,1,0,0,0,1,0,0,0,1,1,1,1,0,0,0,1,0,0,1,0,1,1,1,1,1,0,1,0,1,0,0,1,1,0,1,0,0,1,1,0,0,0,0,1,1,0,0,1,0,1,1,0,1,1,1,1,0,1
128,27,0,1,0,0,0,1,93,193,95,90,98,83,0,0,1,1,0,0,1,1,1,1,1,0,1,1,1,0,0,0,1,1,1,0,1,1,1,1,1,0,1,0,1,1,0,0,1,0,1,0,0,80,129,0,0,0,1,0,1,0,1,0,0,1,1,1,0,1,0,0,1,0,1,1,0,1,1,0,0,0,1,1,0,0,0,0,0,0,0,1,0,1,1,1,1,0,1,1,1,1,1,0,1,1,0,0,1,0,1,1,0,1,0,1,1,1,0,0,1,0,0,1,0,0,1,1,0,0,0,1,1,0,1,1,1,1,0,1,1,1,0,0,1,0,1,0,1,1,0,0,0,1,0,0,1,1,0,0,1,1,1,0,0,1,0,0,1,1,1,1,1,0,1,1,1,1,0,0,0,0,1,0,0,1,1,0,0,0,1,0,0,1,0,1,1,0,1,1,1,0,1,1,1,1
166,28,0,1,0,0,0,0,54,174,108,90,118,81,1,1,0,1,1,1,1,0,0,1,0,0,1,1,1,1,0,1,1,1,1,1,1,1,1,1,1,1,0,0,0,0,1,0,0,0,0,1,0,79,167,1,0,0,1,1,1,0,0,0,0,0,0,1,0,0,1,0,0,1,1,1,1,0,1,1,0,0,0,0,1,0,1,1,0,0,0,0,1,1,0,0,0,0,1,1,0,1,1,1,0,1,1,0,0,1,1,0,1,0,0,0,1,0,0,1,0,1,1,1,0,1,0,1,1,1,1,1,1,1,0,0,1,1,0,0,1,1,1,1,0,1,0,1,0,0,0,1,0,1,0,0,1,0,0,0,1,0,1,0,1,0,1,1,1,0,1,1,1,0,1,1,0,0,1,0,0,1,1,1,1,0,1,1,1,1,0,1,0,0,0,0,1,0,1,1,0,1,1,1,1,1
109,53,0,0,0,1,0,1,94,194,102,79,102,90,0,0,0,1,0,0,0,1,0,1,0,1,0,0,0,0,1,1,1,1,1,1,0,1,0,1,0,0,1,1,1,0,1,0,1,1,0,0,1,79,110,0,1,0,1,0,1,1,1,1,0,0,1,1,1,1,1,1,1,1,1,0,1,0,0,1,0,0,1,0,0,0,1,0,0,1,0,1,0,0,1,1,1,1,0,1,1,0,0,1,0,1,1,0,0,0,1,0,1,0,1,0,0,1,0,1,1,1,1,0,1,1,1,0,0,1,0,0,1,1,1,1,0,1,0,1,0,0,1,1,1,0,0,0,0,0,0,0,0,1,1,1,0,1,1,0,1,1,1,1,1,0,1,0,0,1,1,1,1,0,0,0,1,0,1,0,1,0,0,0,1,0,0,1,1,0,0,0,0,0,0,0,1,1,1,1,0,0,1,1,0,1
92,36,0,0,0,1,0,1,51,151,85,69,108,90,1,0,1,1,0,1,0,1,1,1,1,0,0,1,1,0,0,1,0,1,1,1,0,0,1,0,1,0,1,1,0,1,1,0,0,1,1,0,1,79,93,0,0,1,1,1,1,0,0,0,0,1,1,0,1,1,1,0,0,1,1,1,0,0,0,0,1,1,0,1,0,0,0,1,1,0,1,0,0,1,1,0,0,1,1,0,0,1,1,0,0,0,1,0,0,1,1,1,1,1,0,0,0,1,0,1,1,0,0,0,1,1,0,0,1,1,1,1,0,1,0,0,1,1,0,1,1,1,1,1,1,1,1,1,1,0,0,1,0,0,0,0,0,1,0,1,0,1,0,1,0,1,0,0,1,1,1,0,1,1,0,1,1,1,0,0,0,1,1,0,1,1,1,1,0,1,1,0,1,1,1,0,0,0,1,0,0,0,0,1,0,0
28,24,0,0,0,1,0,0,67,187,98,77,90,90,0,1,1,1,1,0,0,1,1,1,1,0,0,1,0,1,1,1,0,0,0,0,0,1,0,1,1,0,1,0,1,1,0,1,0,0,0,1,0,79,29,0,1,1,0,0,0,0,0,1,0,1,0,0,1,1,1,0,1,0,1,0,1,1,0,0,0,0,0,1,0,1,0,1,0,0,0,1,1,0,0,0,1,1,0,1,1,0,0,1,1,0,1,0,0,0,1,1,1,1,1,1,1,1,1,1,1,0,0,1,1,1,0,0,0,1,1,1,1,0,0,1,1,0,1,0,1,0,1,0,0,0,0,1,1,0,1,1,1,0,1,0,1,1,0,1,1,0,0,1,0,1,1,0,0,0,1,1,1,0,0,1,1,1,0,1,0,0,0,0,1,0,1,0,1,0,1,1,0,1,1,0,1,1,0,0,1,0,1,1,1,0
138,38,1,0,0,0,0,1,64,164,84,57,98,83,0,0,0,1,0,0,1,1,0,1,0,1,1,0,0,1,0,0,0,1,0,1,0,1,0,0,0,1,1,1,0,0,1,0,0,0,1,0,1,79,139,1,1,0,0,1,1,1,1,1,1,0,1,1,1,1,0,1,0,0,1,1,0,1,0,1,0,1,1,1,1,0,0,0,1,0,1,1,1,0,1,0,1,1,0,1,1,0,0,0,1,0,0,1,1,0,1,1,0,0,1,0,0,0,1,0,0,1,1,1,1,0,0,0,0,1,0,0,0,1,0,1,0,1,0,0,1,1,1,0,0,1,0,1,0,0,1,1,1,1,0,0,1,1,1,1,1,0,1,1,1,0,1,1,0,0,1,0,1,1,0,0,0,0,1,0,0,0,1,0,0,0,1,0,0,1,0,0,1,1,1,1,0,0,0,0,1,0,1,1,1,1
81,39,0,1,0,0,0,0,71,191,92,72,98,90,0,1,0,0,1,0,0,0,0,1,1,1,1,1,0,0,0,0,1,1,1,1,1,1,0,1,0,0,0,0,0,0,1,1,1,0,0,1,1,79,82,0,0,0,1,1,0,1,0,0,0,1,0,0,1,1,1,0,0,1,1,1,0,1,1,0,0,0,0,0,0,1,0,0,0,1,1,0,1,0,0,0,0,1,1,1,1,1,1,0,0,0,0,0,1,0,0,0,0,1,1,0,0,1,1,1,1,0,0,1,1,1,1,0,1,1,1,0,1,0,1,1,1,0,1,1,0,0,0,1,0,1,0,0,1,0,1,1,1,1,0,0,0,1,1,0,1,1,1,0,1,0,1,0,1,0,1,1,1,1,0,0,1,1,0,1,0,1,1,0,1,0,0,1,1,0,1,0,0,1,1,1,1,1,0,0,0,1,0,1,1,1
66,48,0,0,0,1,0,0,36,156,83,81,105,82,0,0,1,1,1,1,0,1,1,1,1,1,1,1,0,1,0,0,1,1,1,1,1,1,0,0,0,0,1,1,1,0,1,0,1,1,0,0,0,79,67,1,1,0,0,0,0,0,0,0,1,1,1,1,0,0,0,0,0,1,1,1,1,1,0,1,0,1,1,0,1,1,0,1,1,1,0,1,0,0,0,0,1,0,1,1,1,1,1,0,0,0,0,0,1,1,1,0,1,0,1,1,1,1,1,1,0,1,0,0,1,0,0,1,0,1,1,0,0,1,0,0,1,1,0,1,0,0,0,0,1,0,1,0,0,0,1,0,1,1,1,0,0,1,0,1,1,1,0,1,1,1,1,1,0,1,0,0,0,1,0,0,1,1,0,1,0,1,0,0,0,1,1,1,1,1,1,0,1,1,0,0,1,0,0,1,1,0,1,1,0,1
111,43,0,1,0,0,0,0,57,177,82,68,107,84,1,0,1,0,1,0,1,1,1,1,1,1,1,1,0,0,1,1,1,0,0,1,0,0,1,1,0,1,1,0,0,0,0,0,1,0,1,1,0,79,112,0,0,1,1,0,1,0,0,1,1,0,0,1,0,1,0,0,1,1,1,1,0,0,1,1,0,0,0,0,0,1,1,1,1,1,0,1,1,0,1,1,1,0,0,0,1,1,1,1,0,1,1,0,1,0,0,0,1,1,0,1,1,1,0,1,0,0,0,0,1,1,1,1,0,0,1,0,0,1,1,1,0,1,0,0,0,0,1,1,1,1,0,1,1,0,1,1,1,1,0,1,1,0,1,1,1,1,0,1,0,0,0,0,0,0,0,0,0,1,1,1,1,0,0,1,0,1,1,0,0,1,0,1,1,0,0,0,0,1,0,0,0,0,1,1,1,0,1,0,1,1
82,40,1,0,0,0,0,1,53,153,80,68,94,86,0,0,0,0,0,1,1,1,0,1,0,1,0,0,1,1,1,0,0,1,1,1,0,1,1,0,0,1,0,0,1,1,0,0,0,0,0,0,1,79,83,0,0,0,0,0,0,0,1,0,1,1,1,1,1,1,1,0,0,0,1,0,1,0,0,0,1,1,1,1,0,0,0,1,1,1,0,1,0,0,1,0,0,0,0,0,1,1,1,0,1,1,1,1,0,1,0,1,1,0,0,1,1,1,1,0,1,0,0,1,1,1,0,0,1,1,1,0,0,0,1,0,0,1,1,0,1,1,0,1,0,1,0,0,1,0,0,1,0,1,1,1,1,1,1,0,0,0,0,1,0,1,1,0,1,1,1,0,0,1,0,0,1,1,1,1,0,0,0,1,1,1,1,0,1,0,0,0,1,1,1,1,0,0,0,1,0,1,0,1,1,0
131,41,1,0,0,0,1,0,31,151,89,63,90,90,1,1,0,0,1,0,0,0,0,1,1,1,1,0,0,0,0,0,1,0,1,1,1,0,1,0,1,0,1,0,0,0,0,1,0,0,1,0,1,78,132,1,0,0,1,0,0,1,0,0,0,0,0,0,0,0,1,0,0,1,0,0,1,0,0,1,0,1,0,0,0,1,0,1,1,1,1,1,0,1,0,1,0,1,0,0,0,1,1,0,1,1,0,1,1,1,0,1,1,1,1,1,1,0,0,1,0,1,0,1,0,0,1,1,0,0,0,0,1,0,0,1,1,1,0,0,1,1,1,0,1,1,1,1,1,1,1,0,1,0,1,0,1,1,1,1,0,0,1,0,0,0,1,0,1,0,1,1,1,0,0,1,1,0,1,0,1,1,0,1,0,0,1,1,1,0,1,0,1,1,0,1,1,1,1,1,0,1,0,0,0,0
165,34,1,0,0,0,0,0,47,167,91,70,100,65,0,1,1,0,1,1,0,0,1,1,1,0,1,1,0,1,1,1,1,1,0,0,0,1,1,0,1,0,0,0,0,0,0,1,0,1,1,1,0,78,166,0,0,0,0,1,1,1,1,1,1,1,1,0,0,0,1,0,0,0,0,1,0,1,0,0,0,1,0,0,0,1,0,1,0,0,1,1,0,1,1,1,0,0,0,0,0,1,0,1,0,0,1,1,0,1,1,0,0,1,0,1,0,0,1,0,0,0,0,1,1,1,0,1,1,0,0,0,1,1,0,0,0,1,1,1,1,0,0,1,1,1,0,0,1,0,1,1,1,1,1,1,0,0,0,0,1,1,1,1,1,1,1,0,1,1,1,0,1,0,1,1,0,0,0,0,0,1,1,0,0,0,1,1,1,0,0,1,0,1,1,1,1,1,1,1,0,0,1,0,1,1
67,23,1,0,0,0,0,1,51,151,94,65,92,85,1,1,1,1,0,0,0,0,1,0,1,1,1,1,1,0,1,1,1,1,1,0,1,1,0,0,1,0,0,0,1,1,1,1,0,0,0,0,0,78,68,0,1,1,1,1,1,1,0,0,1,1,0,1,1,0,0,0,0,1,0,1,0,1,1,0,1,0,0,0,0,0,0,0,0,0,1,1,1,0,1,0,1,1,0,1,1,1,1,1,1,1,0,0,1,1,1,0,0,1,1,1,0,0,0,0,0,1,0,1,0,0,0,0,0,0,1,0,1,0,1,0,0,0,1,0,0,0,1,1,1,1,0,1,0,0,1,1,0,1,0,0,0,1,1,0,1,1,1,0,0,0,0,1,1,1,1,1,1,1,0,1,1,1,0,0,1,1,0,0,0,0,1,1,1,0,1,0,1,1,1,1,1,0,0,1,1,0,0,0,1,1
161,56,0,1,0,0,0,1,82,182,97,96,102,80,0,1,1,0,0,0,0,1,0,1,1,0,0,1,0,0,0,0,1,1,0,0,0,1,1,0,1,0,0,1,0,0,0,0,0,0,0,0,1,78,162,0,0,1,1,1,0,1,0,1,0,1,1,0,0,0,1,0,1,1,1,0,0,0,0,0,0,0,1,1,1,1,0,1,0,1,1,0,1,1,1,0,0,0,1,0,1,0,1,0,1,0,0,1,0,1,1,0,0,1,1,1,0,0,1,0,1,1,0,0,1,1,1,1,1,1,1,0,0,1,0,1,1,0,1,1,0,0,0,1,1,1,0,1,1,0,0,0,0,1,1,0,1,0,1,0,1,1,1,1,0,0,0,1,1,0,0,0,0,1,0,1,0,1,1,1,1,0,0,0,0,1,0,1,1,1,0,1,0,1,1,1,0,0,1,0,0,0,1,0,0,1
19,32,0,0,0,0,1,0,48,168,80,85,92,85,1,1,1,1,1,1,0,0,1,0,0,1,1,1,0,1,1,0,1,1,1,0,0,1,0,1,1,1,1,1,1,1,0,1,1,0,0,1,1,78,20,1,1,0,0,0,1,0,0,1,1,0,1,1,1,0,1,0,1,1,0,0,0,0,1,0,1,0,1,0,0,0,0,1,0,1,0,1,1,1,1,0,1,0,1,1,0,1,1,1,1,0,0,0,0,0,1,0,0,0,1,0,0,1,0,0,1,0,0,1,1,1,1,1,0,1,1,1,0,1,0,1,1,1,1,0,1,0,0,1,1,1,1,0,1,0,1,0,1,1,0,0,0,0,1,0,1,1,1,1,0,1,0,0,1,1,0,0,1,0,1,1,0,1,0,0,1,0,1,0,1,1,0,0,0,1,1,1,0,1,1,1,0,1,1,1,0,1,0,0,0,0
1,33,1,0,0,0,0,1,87,187,95,89,96,85,1,1,0,0,1,0,0,1,1,1,0,1,1,1,1,1,1,1,1,0,1,1,0,1,1,1,1,0,1,0,0,0,0,0,1,0,0,1,0,78,2,1,1,0,1,0,1,0,0,0,0,0,1,1,1,0,1,0,1,1,1,1,1,1,0,0,1,0,1,1,1,1,1,0,1,1,1,0,0,0,0,1,1,0,1,1,1,0,0,0,0,0,0,1,1,0,0,0,1,1,1,0,0,1,1,1,1,0,0,1,0,1,0,1,1,1,0,0,0,1,1,1,1,0,1,0,0,0,0,0,0,1,1,1,1,0,0,1,0,0,1,0,1,1,0,1,0,0,1,1,1,1,1,0,0,1,0,1,1,0,1,1,0,1,1,0,0,1,0,0,0,0,1,0,0,1,1,0,1,0,0,1,0,1,1,1,1,0,0,0,0,1
65,57,0,0,1,0,0,0,37,157,85,66,100,80,1,1,0,1,1,0,0,1,1,1,0,1,0,1,0,0,1,0,1,0,0,0,1,1,1,0,0,1,1,1,0,0,1,0,0,1,0,0,1,78,66,1,1,0,0,0,1,0,0,0,0,0,1,1,1,0,1,1,0,1,1,0,1,1,0,1,1,1,1,1,1,0,1,1,0,1,1,1,1,0,1,0,0,1,0,0,1,1,0,1,0,0,1,0,0,1,1,1,0,1,1,0,0,0,0,0,1,1,1,0,1,0,0,0,0,1,0,1,0,0,0,1,1,1,0,0,0,0,0,1,0,1,1,1,0,0,1,1,0,1,0,1,0,1,0,0,1,1,1,0,0,0,0,1,0,1,0,0,0,1,1,0,0,0,1,0,1,1,1,1,0,0,1,1,1,1,0,1,1,1,1,1,0,1,1,1,1,0,0,1,0,0
125,29,1,0,0,0,0,0,67,187,87,88,90,81,1,0,1,0,1,1,1,0,0,1,0,1,0,1,1,1,0,1,0,0,0,1,0,0,1,0,1,1,0,1,1,1,1,1,0,1,0,0,1,78,126,0,1,1,1,0,0,0,1,1,0,1,1,0,1,1,1,1,1,1,1,1,1,1,0,1,0,1,0,0,0,0,1,0,0,1,1,0,1,0,0,0,0,0,0,1,1,0,1,0,0,1,1,1,0,1,1,1,1,0,0,1,1,1,1,1,0,1,1,0,0,1,0,1,1,0,0,0,1,1,0,0,0,1,0,0,0,1,1,0,1,0,1,0,0,0,1,1,0,1,0,1,1,0,1,0,1,0,1,0,0,1,0,1,0,1,0,1,1,0,1,0,1,0,0,0,0,0,1,1,1,0,1,1,0,0,0,0,1,1,1,0,1,1,0,1,0,0,0,0,1,1
113,46,0,0,1,0,0,1,67,167,103,78,105,86,1,0,1,0,0,0,0,1,0,0,0,0,1,0,1,0,0,0,1,0,0,0,1,0,0,0,0,1,1,1,0,1,1,1,1,1,0,0,1,77,114,1,1,1,0,0,1,0,0,1,0,1,0,1,1,1,1,1,0,1,1,1,1,0,0,1,1,1,0,1,1,1,0,1,1,1,0,1,1,0,0,0,0,0,1,1,0,0,1,1,0,0,1,0,0,1,1,1,1,0,0,0,0,0,1,0,0,0,0,0,0,0,1,1,1,1,0,1,0,0,1,1,0,0,0,0,0,1,1,1,1,0,0,1,0,1,1,0,0,0,1,0,1,1,0,1,1,1,0,0,1,0,1,0,0,1,0,1,0,0,1,1,0,0,0,1,1,1,1,0,0,1,1,1,1,0,1,0,1,0,0,1,1,0,0,1,1,0,1,0,0,1
101,32,0,0,0,1,0,0,72,192,93,78,99,80,0,0,1,0,1,1,0,0,1,1,0,1,0,0,0,0,1,0,0,1,0,1,1,1,1,1,1,1,0,1,0,1,1,0,1,0,0,0,1,77,102,0,0,1,1,1,1,0,0,1,0,0,0,1,0,0,1,1,1,1,1,0,0,0,1,1,1,0,0,0,1,1,1,1,0,1,1,1,1,0,0,0,0,1,1,0,0,0,0,1,1,0,1,0,0,1,1,1,1,1,1,0,0,0,1,0,0,0,1,0,1,1,0,0,0,0,1,0,1,0,1,1,1,1,1,0,1,1,1,1,1,0,1,0,1,1,0,0,0,1,1,1,0,0,1,1,0,1,0,0,0,0,0,1,1,0,1,0,1,0,1,1,0,1,1,1,1,1,0,1,0,0,1,1,0,0,0,0,0,0,1,0,1,0,0,0,0,1,0,0,1,1
158,22,0,1,0,0,0,0,50,170,110,95,105,68,0,1,1,0,1,1,0,1,0,1,1,0,1,1,1,1,1,0,1,1,0,0,0,0,0,0,0,0,0,0,1,0,0,0,0,0,1,0,0,77,159,1,1,1,1,0,1,1,1,0,1,0,1,0,0,1,1,0,1,1,1,1,0,1,1,1,0,1,0,1,0,0,0,0,1,1,1,0,1,1,0,0,0,1,0,1,0,1,0,1,1,1,1,1,0,0,0,0,0,0,1,1,0,1,1,1,0,0,1,1,1,1,1,1,0,0,1,1,1,1,0,1,0,0,1,0,1,0,1,1,1,0,1,0,1,0,1,0,0,1,0,0,0,0,1,0,1,1,0,0,1,0,0,0,1,0,1,0,1,1,1,0,1,0,0,1,0,0,0,1,0,0,0,1,1,0,0,1,0,0,1,0,1,1,0,0,0,0,0,1,1,0
58,46,0,1,0,0,0,1,77,177,85,63,90,85,1,0,0,0,0,0,0,0,0,0,0,1,0,0,1,1,0,1,0,1,0,0,0,0,1,1,1,1,1,1,1,0,1,0,1,1,0,0,1,77,59,0,1,0,1,0,0,1,0,0,0,0,0,1,0,1,0,0,1,0,1,0,0,1,1,1,0,0,1,0,1,1,1,0,1,1,1,0,1,1,1,1,1,0,0,0,1,1,0,1,1,0,0,0,1,1,1,1,1,0,1,1,0,0,1,0,1,0,0,1,1,1,0,0,1,1,0,0,1,0,1,1,1,0,0,1,1,0,1,1,1,0,0,1,0,0,1,1,0,0,0,0,0,0,0,1,0,0,1,1,0,0,0,0,0,1,0,1,1,0,0,0,1,1,1,1,0,1,1,0,1,1,1,0,0,0,1,0,0,1,0,1,0,1,1,1,1,0,0,1,1,1
121,46,1,0,0,0,0,0,32,152,97,77,109,82,1,0,1,1,1,1,0,0,0,1,1,0,1,0,1,1,0,0,1,1,0,1,1,0,1,0,0,1,1,1,1,1,0,0,1,1,1,1,0,77,122,0,0,1,1,1,0,1,0,1,0,0,1,0,1,1,1,1,1,1,0,0,0,1,0,1,0,0,1,0,0,0,0,1,1,0,1,0,1,0,1,1,0,0,1,0,1,0,1,0,0,1,1,1,0,0,1,1,0,1,1,0,1,0,0,0,0,0,0,0,1,1,1,1,1,0,0,0,1,1,1,1,1,1,1,0,0,1,1,0,0,1,1,1,0,1,0,0,0,1,0,0,1,0,0,1,0,1,1,1,0,1,0,0,1,0,1,0,0,0,0,1,0,0,1,0,1,0,1,1,0,1,1,0,0,1,1,1,1,1,0,1,0,1,1,1,0,0,0,1,1,0
167,30,0,0,1,0,0,1,88,188,120,108,120,85,1,1,1,0,0,0,0,0,1,1,1,0,1,1,0,0,0,0,1,1,0,0,0,1,1,0,1,0,0,1,0,0,0,0,0,0,1,1,0,77,168,0,1,0,1,1,0,0,0,1,0,0,0,0,0,0,0,1,1,1,1,1,1,1,1,1,0,0,0,1,0,0,0,1,1,0,0,1,0,1,0,1,0,0,1,1,1,0,1,0,1,0,1,1,1,0,0,1,0,0,1,0,1,1,1,1,0,0,0,1,1,1,0,0,1,0,1,1,1,1,1,1,1,0,0,0,0,0,0,0,0,1,1,1,1,0,1,1,1,0,1,0,1,1,1,0,0,1,0,1,0,1,1,0,0,0,1,0,0,0,0,1,0,0,0,1,0,0,1,0,1,1,1,1,0,0,1,1,0,1,1,1,0,1,1,0,1,0,0,1,1,0
69,17,0,1,0,0,0,1,82,182,90,83,107,84,1,1,1,0,0,1,1,1,1,1,0,1,1,0,1,1,0,0,0,0,1,0,0,1,0,1,0,0,0,0,1,0,0,1,1,0,1,1,1,77,70,1,0,1,0,1,0,0,0,0,1,0,1,1,0,1,1,1,1,1,0,1,0,1,0,1,0,1,1,0,0,0,0,0,0,1,1,0,1,1,1,1,0,1,0,0,1,0,0,1,0,1,0,0,1,1,1,0,1,1,1,1,0,1,1,0,1,1,0,1,1,0,0,0,1,0,1,1,1,1,1,1,0,0,0,1,0,0,1,0,0,0,0,1,1,0,1,1,0,0,0,0,0,0,1,1,0,1,1,1,0,0,1,0,0,0,0,1,1,1,0,0,1,1,1,0,0,0,0,1,0,0,1,1,0,1,1,0,1,0,0,1,1,1,1,0,1,1,1,0,0,1
44,26,0,1,0,0,0,0,69,189,104,88,103,80,1,0,1,0,1,0,1,0,1,0,1,1,0,0,1,0,1,0,0,0,0,1,1,0,1,1,1,1,0,0,0,0,0,1,0,0,0,0,1,77,45,0,1,0,0,0,1,1,0,0,1,0,0,1,1,1,1,1,1,0,0,1,1,0,1,0,1,0,1,1,0,1,1,0,1,1,1,1,1,1,0,0,0,0,1,0,1,1,1,0,1,0,0,1,0,0,0,0,1,0,1,1,1,1,1,1,1,1,0,1,1,1,1,0,0,1,1,0,0,0,0,0,1,0,1,1,1,1,0,1,1,1,0,0,1,0,1,0,1,0,1,1,1,1,1,0,1,1,0,0,0,1,0,0,0,0,1,1,0,1,0,0,1,0,0,0,1,0,0,0,1,0,0,1,1,1,1,0,0,0,0,0,0,0,1,0,0,1,0,1,0,0
27,57,0,0,1,0,0,0,45,165,94,91,85,87,0,1,0,1,1,0,1,1,0,1,0,1,1,0,0,1,1,1,0,0,0,0,1,1,1,0,0,1,1,0,1,1,1,1,1,0,1,0,0,77,28,1,0,0,0,0,0,0,1,0,0,0,0,1,0,1,0,1,0,1,1,1,0,1,1,1,1,1,0,0,0,1,0,1,1,1,0,0,1,1,1,1,1,0,1,1,0,1,0,0,1,0,1,1,1,1,0,1,1,1,1,0,0,1,0,1,0,1,0,1,1,1,0,0,1,1,0,0,0,0,0,0,1,0,1,0,0,0,0,0,0,0,1,1,0,0,1,0,0,0,1,1,1,0,1,0,1,1,0,0,1,1,0,1,1,1,0,1,0,0,0,1,1,1,1,0,0,1,0,1,1,0,0,0,1,1,1,1,0,1,0,1,1,1,0,1,1,1,0,1,0,0
72,43,0,1,0,0,0,0,58,178,80,88,107,82,0,0,1,1,1,1,0,0,0,1,1,0,0,0,0,1,1,0,0,1,0,0,0,0,1,1,0,1,1,1,0,1,1,0,0,1,1,1,0,77,73,1,1,0,1,0,1,0,1,0,0,1,1,0,1,0,1,0,0,1,0,0,1,1,1,1,0,1,1,0,1,0,0,0,1,1,0,0,1,0,1,0,1,0,0,0,1,1,0,1,0,0,1,0,0,1,0,1,1,0,0,0,1,0,0,1,1,0,0,0,1,0,0,1,1,1,0,0,1,0,1,0,0,0,0,0,0,1,0,1,1,1,1,1,0,0,1,1,1,1,0,1,0,0,1,0,0,1,0,0,0,1,0,1,1,1,0,1,1,1,1,0,0,0,1,1,1,1,1,1,0,1,1,1,1,0,1,0,1,0,0,0,1,0,1,1,0,1,0,1,1,1
74,34,0,0,0,1,0,1,100,200,103,69,91,88,1,1,1,0,0,1,0,1,1,1,0,1,0,0,0,1,0,0,1,1,1,1,0,0,1,0,1,1,0,1,0,1,1,0,1,0,1,1,0,77,75,0,0,1,1,0,0,1,0,0,0,1,1,1,1,0,1,0,0,0,0,0,0,1,1,0,0,0,0,1,1,1,1,1,1,1,0,0,0,1,0,1,1,0,1,1,1,1,0,1,1,0,0,1,0,1,1,1,1,0,1,1,0,1,0,0,1,1,0,0,1,0,1,1,0,0,0,1,1,0,0,1,1,0,1,0,0,0,1,0,1,0,1,1,1,1,0,1,1,1,1,0,0,0,1,0,0,0,1,1,0,1,0,0,1,0,0,1,0,1,0,1,0,1,0,0,1,1,1,0,0,0,1,0,1,1,0,0,1,0,1,0,0,1,1,1,1,0,1,1,0,0
170,38,0,0,1,0,0,1,70,170,94,74,102,80,1,0,1,1,0,0,0,0,1,1,1,1,0,1,1,0,1,0,1,1,0,1,1,0,0,1,1,1,1,0,0,0,0,0,1,1,1,1,0,76,1,0,0,0,1,0,1,1,1,0,1,0,0,0,0,0,0,0,0,1,1,1,1,0,1,0,1,0,1,1,0,1,0,1,0,0,1,0,1,1,0,0,1,1,1,1,1,0,1,0,0,0,0,1,1,1,1,0,1,0,1,1,1,0,0,1,1,1,0,1,1,1,1,0,1,1,1,1,0,0,1,1,0,0,0,1,0,1,0,1,0,0,1,1,0,1,0,0,1,0,0,1,1,0,0,1,0,0,1,0,0,1,0,0,0,0,1,0,1,1,1,0,1,1,0,0,0,0,0,0,0,0,1,1,0,1,1,1,0,1,1,1,0,1,0,1,0,1,1,0,1,0
120,38,1,0,0,0,0,1,67,167,99,81,91,80,1,1,0,1,0,0,0,0,1,1,0,1,0,1,0,1,1,1,1,1,0,1,1,1,0,0,1,1,1,0,1,0,0,0,0,1,0,1,1,76,121,0,0,0,0,0,0,0,0,0,0,0,1,1,1,1,1,1,1,0,0,0,1,1,0,1,0,1,1,1,1,1,0,0,0,0,1,0,1,1,0,0,0,1,0,1,0,0,1,1,1,0,1,1,0,1,1,1,1,0,1,0,0,1,0,0,1,1,0,0,1,1,1,1,0,1,0,1,0,0,0,0,1,1,1,1,0,1,1,1,1,0,0,0,1,1,0,1,0,0,0,1,1,1,1,1,1,1,1,0,1,1,1,0,0,0,1,0,0,0,1,0,1,0,0,0,0,1,1,0,0,1,1,0,1,0,1,0,0,1,1,1,0,1,1,1,0,0,0,0,0,0
146,31,0,0,0,0,1,1,71,171,91,58,92,86,1,0,1,0,0,0,1,1,1,0,1,1,0,0,0,0,0,0,1,1,1,0,0,0,0,1,0,1,0,1,0,1,0,1,0,0,1,0,0,76,147,1,0,1,0,0,1,0,1,0,0,0,1,1,0,1,0,1,0,1,1,1,1,0,0,1,1,1,0,1,1,0,0,0,0,1,1,0,0,1,1,1,1,0,1,0,0,0,1,0,1,0,1,1,0,1,1,0,0,0,0,0,0,1,1,1,0,0,0,1,1,0,1,0,1,1,1,1,0,1,0,1,0,1,1,0,1,0,1,1,0,1,1,1,0,0,0,1,1,0,0,0,1,0,0,1,1,0,1,0,0,0,1,0,1,1,1,1,0,1,0,1,1,1,0,1,1,0,0,0,0,0,1,1,1,1,0,0,1,0,1,0,0,0,1,0,0,0,1,1,1,0
70,18,0,0,1,0,0,0,48,168,87,59,93,81,0,0,1,1,1,0,1,0,1,0,0,0,1,1,1,0,1,1,1,1,0,0,1,0,1,1,1,1,0,0,1,0,1,0,1,0,1,0,1,76,71,0,1,1,0,1,0,0,1,1,1,0,0,1,1,1,0,1,0,0,0,1,0,0,0,1,1,0,1,0,1,0,1,0,0,1,0,0,1,1,1,1,0,0,0,1,0,1,1,0,1,0,1,1,1,0,0,0,1,0,0,0,0,1,1,0,0,0,1,1,1,1,1,1,0,0,0,0,1,0,1,1,0,1,1,1,0,1,0,1,1,0,1,1,0,0,0,1,0,0,0,0,0,1,1,1,0,0,1,1,1,0,1,0,0,1,1,1,1,0,1,0,0,1,0,1,1,0,0,1,0,1,1,1,1,0,0,1,0,0,1,0,1,1,0,0,0,0,1,1,1,0
108,56,1,0,0,0,0,0,42,162,98,86,97,84,1,0,0,0,1,0,0,0,1,0,0,1,0,0,0,0,0,1,0,0,1,1,1,0,1,1,0,1,0,1,1,1,0,0,1,0,1,1,1,76,109,1,1,0,1,0,0,1,1,0,1,1,0,1,1,1,0,0,1,0,0,1,1,1,0,1,1,0,0,0,1,1,1,0,0,0,0,1,1,1,1,1,1,1,1,1,1,0,0,0,0,1,1,1,1,1,0,1,1,1,1,0,0,0,1,1,0,0,1,0,0,0,1,0,1,1,0,1,0,1,0,0,0,0,1,0,1,0,0,0,0,1,0,1,1,0,0,1,0,0,0,0,0,1,1,0,0,1,1,0,0,0,1,0,1,0,0,0,1,1,0,1,1,1,1,0,0,0,0,1,1,0,1,1,1,1,0,1,0,1,0,0,0,0,1,0,1,1,0,1,0,1
122,48,0,1,0,0,0,1,84,184,86,73,104,88,1,1,1,0,0,1,0,1,0,1,0,1,0,1,0,1,1,0,0,0,0,0,0,0,1,0,0,1,1,1,0,1,0,1,1,0,1,0,0,76,123,0,0,0,1,0,1,1,0,0,1,1,1,0,1,1,0,0,0,0,0,0,1,0,0,1,1,1,0,1,0,1,0,0,0,1,1,0,1,1,1,1,1,0,0,0,1,1,1,0,0,1,1,1,0,1,0,1,1,1,1,1,1,0,1,0,0,0,1,1,1,1,0,0,0,1,0,0,0,1,1,1,0,0,0,0,1,1,0,0,1,1,1,1,0,1,0,1,0,1,0,0,1,0,1,0,0,1,0,0,1,1,0,1,1,0,1,0,0,1,1,1,1,0,0,0,0,0,0,1,0,1,0,1,1,0,1,1,1,1,0,0,1,0,1,0,1,0,0,0,1,0
26,53,1,0,0,0,0,0,49,169,85,60,94,83,1,0,0,0,1,1,0,1,1,1,1,1,0,0,1,1,1,1,0,1,0,0,1,0,0,0,1,1,0,1,1,0,1,0,0,0,0,1,1,76,27,0,0,0,1,1,1,1,0,1,1,1,0,1,0,1,0,1,1,0,0,1,0,0,1,0,1,1,1,0,0,0,0,0,0,1,0,1,0,0,1,1,1,0,1,1,0,0,1,0,0,1,1,0,0,1,0,0,0,0,0,1,0,0,0,1,1,0,1,1,1,1,1,0,1,1,0,0,0,1,0,0,0,1,1,0,1,0,0,0,0,1,0,1,1,1,1,0,1,1,1,1,0,0,1,0,0,0,1,0,1,1,1,0,1,1,0,0,1,1,1,0,1,1,1,0,0,1,1,0,1,0,1,0,0,0,1,0,1,0,1,0,1,1,0,0,1,0,1,0,1,1
124,35,0,1,0,0,0,1,88,188,82,82,107,90,0,1,0,1,0,1,0,1,1,0,1,1,0,1,0,0,0,1,1,1,1,1,0,0,0,0,1,1,0,1,1,1,1,0,0,1,0,0,0,76,125,1,1,1,0,0,1,0,0,1,0,1,1,1,0,1,0,0,0,1,0,0,1,1,0,0,0,0,1,0,0,1,1,0,0,0,0,0,0,1,1,0,0,1,1,0,1,1,0,1,1,0,0,0,1,1,1,1,1,0,0,0,0,1,0,0,1,1,1,0,1,0,1,0,0,1,0,1,0,0,0,1,1,1,1,0,1,1,0,1,0,0,0,0,0,1,0,0,0,1,1,0,0,0,0,0,1,1,1,1,1,1,1,1,1,1,0,1,0,1,1,1,1,0,1,0,1,0,1,0,1,0,0,1,1,1,1,1,1,0,0,1,0,0,1,0,1,0,0,1,1,1
152,28,0,0,1,0,0,1,95,195,110,100,97,93,1,1,0,0,0,0,0,1,1,1,0,0,1,1,0,0,0,1,0,0,1,0,0,1,1,1,1,0,0,0,0,0,1,0,1,1,0,0,0,76,153,0,1,1,1,1,0,0,0,0,1,1,0,1,1,1,0,1,1,0,1,1,1,0,0,0,1,0,1,1,0,0,1,1,1,0,1,1,1,0,1,1,0,1,1,0,0,1,1,0,1,0,0,0,1,1,0,0,1,0,0,1,1,0,1,1,1,1,0,0,0,1,1,1,1,1,0,0,1,1,0,0,0,1,1,1,0,1,0,0,1,0,1,0,1,0,1,1,0,1,0,0,1,0,1,0,1,1,1,1,1,0,1,0,1,1,1,0,0,1,0,0,0,0,0,1,0,0,0,1,0,0,1,0,0,1,1,0,0,0,0,1,0,1,0,0,0,0,0,0,1,0
118,22,0,0,0,1,0,1,59,159,101,65,103,80,0,0,0,1,0,1,1,0,0,1,0,0,0,0,0,1,1,1,0,0,1,0,1,1,0,1,1,1,1,1,0,0,1,1,1,0,0,1,0,76,119,0,0,1,1,0,0,1,1,1,1,1,0,1,1,0,0,0,1,0,1,1,1,0,0,0,1,0,1,1,0,1,1,0,1,1,1,1,0,1,0,1,0,1,0,0,1,0,0,0,0,1,0,1,0,1,0,1,0,0,1,0,1,0,0,0,1,0,1,0,0,0,0,0,0,1,1,0,1,0,1,0,1,1,1,0,1,0,0,1,0,0,0,0,1,0,0,0,0,0,1,0,0,1,0,1,1,1,1,1,0,0,1,1,1,1,1,0,0,1,1,1,1,1,1,0,1,0,1,1,0,1,0,1,0,0,0,0,0,0,1,1,0,1,0,0,1,1,1,1,1,1
123,34,0,0,1,0,0,0,72,192,84,69,91,88,0,0,1,1,1,1,0,0,1,0,1,1,1,0,1,1,1,0,1,0,0,1,1,0,1,1,1,1,0,0,1,0,0,1,1,0,0,0,1,76,124,1,0,1,1,0,1,0,1,1,1,1,0,1,0,1,1,0,0,1,1,1,1,0,1,1,0,1,0,1,1,1,1,1,0,1,0,0,0,0,1,1,0,1,1,0,1,1,0,0,1,1,1,1,0,1,0,1,1,0,0,0,1,0,1,1,0,1,1,1,0,0,0,0,1,0,0,1,0,1,1,0,1,1,0,0,1,0,0,0,1,1,1,1,0,1,0,0,0,1,0,0,1,1,1,1,1,0,0,1,0,0,0,0,0,1,1,0,0,0,0,1,1,0,0,0,0,0,1,1,0,1,0,1,0,1,1,0,0,0,0,1,0,1,0,0,0,1,0,0,1,1
59,52,1,0,0,0,0,0,72,192,102,83,104,80,1,1,0,0,1,1,1,0,1,1,0,0,1,1,1,1,0,0,0,1,0,1,0,1,0,1,1,0,0,0,1,0,0,1,1,1,1,0,0,76,60,1,0,0,0,1,0,0,1,0,1,1,1,0,0,1,0,0,1,0,1,1,0,1,0,1,0,1,1,0,0,1,0,1,0,1,0,0,1,1,1,1,1,1,1,1,1,1,1,0,0,1,0,1,0,0,1,0,1,1,0,1,1,1,1,0,1,0,0,0,1,1,1,1,1,1,0,0,0,0,1,0,1,1,1,0,1,0,1,0,0,0,0,1,1,0,1,1,1,1,0,1,0,1,0,0,1,0,1,1,1,1,0,0,0,1,1,0,0,0,0,0,1,1,0,0,1,0,0,0,1,0,1,1,0,0,0,1,0,1,0,1,1,1,0,0,0,0,0,0,0,1
139,49,0,0,0,0,1,0,54,174,100,61,101,85,0,0,0,0,1,0,1,0,1,0,1,0,0,1,0,1,1,1,1,0,0,1,0,1,0,0,1,0,0,0,0,1,1,1,0,0,0,0,1,75,140,1,1,1,1,0,1,1,1,0,0,1,0,1,1,0,1,0,0,0,1,1,0,1,1,0,0,0,1,0,0,1,1,1,1,0,1,1,1,0,1,1,1,0,1,0,1,1,0,0,1,1,1,0,1,0,1,0,1,1,0,0,0,1,0,0,1,0,1,0,0,1,1,1,0,0,0,1,1,1,0,0,1,0,1,0,0,0,1,0,0,1,0,1,1,1,1,0,1,1,1,1,0,0,0,0,0,0,1,1,1,1,0,0,0,1,0,1,0,0,1,0,1,1,1,0,0,0,0,0,0,0,0,0,1,0,0,0,1,1,0,1,0,1,1,1,0,1,0,1,0,0
57,35,0,0,0,0,1,0,45,165,92,78,96,81,1,1,0,0,1,0,0,1,0,1,0,0,1,1,1,1,1,1,0,0,1,0,0,1,0,1,0,0,0,0,0,0,0,0,1,0,1,1,0,75,58,1,0,0,0,1,0,0,1,0,0,1,1,1,0,1,1,1,0,1,1,1,1,0,0,0,0,0,1,0,0,1,1,0,0,1,0,0,1,0,1,1,1,0,0,0,0,0,0,1,1,0,1,1,1,0,0,0,0,0,1,1,1,0,0,0,1,1,0,1,1,1,0,0,0,0,1,1,1,1,1,0,0,1,1,1,1,0,0,0,1,0,1,1,0,0,1,1,0,1,0,1,0,0,1,0,0,0,0,0,1,0,1,1,1,0,1,0,1,0,0,0,1,1,0,1,0,1,1,1,1,0,1,1,0,1,1,1,0,1,1,0,1,1,0,1,0,0,1,1,0,0
116,19,1,0,0,0,0,0,74,194,100,58,104,85,0,0,0,0,1,0,1,0,0,0,1,1,1,1,1,1,1,1,0,1,1,0,0,0,1,0,1,1,1,1,1,1,0,1,1,0,1,0,0,75,117,0,1,0,1,1,0,0,1,0,0,1,1,1,1,0,0,1,0,0,1,1,0,0,0,1,1,0,1,0,1,1,0,1,0,0,0,0,1,1,1,1,1,1,1,0,0,0,0,1,1,0,1,1,0,0,1,0,0,0,0,1,1,0,0,1,1,1,0,0,0,0,0,1,1,1,0,0,1,1,1,1,1,1,1,0,0,1,0,1,1,0,0,1,1,1,1,1,0,1,0,1,0,0,0,0,1,1,1,1,0,0,1,1,0,0,0,0,1,0,1,0,0,1,1,0,1,0,0,0,0,1,0,1,1,0,0,1,0,1,1,0,1,0,1,0,0,0,0,1,0,1
11,45,0,1,0,0,0,0,48,168,105,73,110,88,0,1,1,0,1,1,1,1,1,0,1,0,1,1,0,1,0,1,0,0,1,1,0,1,1,0,1,1,0,1,0,0,0,0,0,0,0,0,1,75,12,1,0,1,0,0,1,1,1,0,0,0,0,0,0,0,1,1,0,0,1,0,1,0,0,1,0,0,1,0,1,0,1,0,0,1,1,0,1,0,0,0,1,1,0,1,1,1,0,0,1,0,1,1,0,0,1,1,0,0,1,0,0,0,0,0,0,0,0,0,1,1,1,1,1,0,1,0,0,1,0,0,1,1,1,1,0,1,1,1,0,1,0,1,0,1,0,1,1,1,0,1,1,1,0,1,1,0,1,1,0,1,1,1,0,0,0,0,0,0,0,1,1,0,0,0,0,1,1,1,0,1,1,1,0,1,0,1,1,1,1,1,0,0,0,1,0,1,1,1,0,1
96,60,0,0,0,1,0,1,86,186,95,59,97,86,1,1,0,0,0,1,0,0,0,1,0,0,0,0,0,0,1,0,1,0,1,1,1,1,0,1,1,0,0,0,1,0,1,1,0,1,0,1,1,75,97,0,0,0,0,0,1,0,1,0,0,1,1,1,0,1,0,1,0,1,0,0,1,0,1,1,0,1,0,0,1,0,0,1,0,1,0,0,1,0,1,0,1,0,0,0,1,0,1,1,0,1,0,0,1,0,1,0,1,0,0,1,1,0,0,1,0,0,1,1,1,0,0,0,1,1,0,0,0,0,0,1,0,1,1,1,1,1,1,1,1,1,0,1,0,1,0,1,1,1,0,1,1,1,0,1,1,0,1,1,1,0,0,1,1,1,0,0,0,1,0,0,1,0,1,0,0,1,0,0,0,0,0,0,0,1,0,1,0,1,1,1,0,1,1,1,0,1,0,1,1,1
134,34,0,1,0,0,0,0,44,164,100,71,109,82,1,1,0,1,1,0,1,1,1,1,0,1,0,0,0,0,1,1,1,0,1,0,0,1,1,0,0,1,1,0,0,1,0,0,0,0,1,0,1,75,135,1,1,0,0,0,1,0,1,0,0,1,1,1,0,1,1,1,1,1,1,1,1,1,1,1,1,0,0,1,1,1,1,1,1,0,0,0,1,0,0,1,1,1,1,1,0,0,1,1,1,0,0,1,1,0,1,0,1,1,0,1,0,1,1,1,1,0,1,0,1,0,0,1,1,0,0,0,0,0,0,0,1,0,1,0,1,1,0,0,0,1,1,1,1,1,0,1,0,0,0,0,0,1,0,0,0,1,0,1,0,0,1,0,1,1,1,0,0,1,1,1,1,1,0,0,1,0,0,1,0,0,0,0,1,0,0,0,1,0,0,0,0,0,0,0,1,0,1,0,0,0
8,41,0,0,0,1,0,1,87,187,98,85,94,90,0,0,0,0,0,0,1,1,1,1,1,0,1,1,0,1,0,1,1,1,1,1,0,1,0,1,1,0,1,0,0,0,0,1,1,1,0,1,1,75,9,0,1,0,0,1,0,0,0,0,1,0,1,0,0,1,1,1,1,1,0,0,0,1,0,1,0,1,1,1,1,1,0,1,0,0,0,1,0,1,1,1,1,0,0,0,0,0,1,0,1,1,0,1,0,0,0,1,0,1,1,1,1,1,1,0,1,1,0,0,1,0,0,1,0,1,0,0,1,0,1,1,1,0,1,0,0,1,0,1,0,1,0,0,0,1,1,0,0,0,0,0,0,1,1,1,1,0,0,1,0,1,1,1,1,1,1,1,0,0,1,0,1,0,0,1,0,1,0,1,1,0,0,0,0,0,0,1,0,0,0,1,1,1,0,1,0,0,1,1,1,1
21,36,0,0,1,0,0,0,67,187,105,70,95,88,0,1,1,1,1,0,1,0,1,1,1,0,0,1,0,0,0,1,0,0,0,0,0,0,0,1,0,0,1,0,1,0,1,1,0,0,1,1,1,75,22,0,1,0,1,1,0,1,0,1,0,1,0,1,0,1,0,0,1,1,1,0,1,1,1,0,1,1,1,1,1,0,1,1,1,1,1,0,1,1,0,1,0,0,1,1,1,1,1,0,0,1,0,0,0,1,0,1,1,1,1,0,0,1,0,0,1,0,0,1,1,0,0,0,1,0,1,0,0,1,1,0,1,1,0,1,0,0,0,0,0,0,0,0,1,0,0,1,1,0,0,0,0,1,1,0,0,0,1,0,1,0,0,0,1,0,1,0,0,0,0,0,1,0,1,1,0,1,0,1,1,1,1,0,1,1,0,1,0,0,0,1,0,1,1,0,0,1,1,0,1,0
14,37,0,0,1,0,0,0,45,165,92,69,95,83,0,0,1,1,1,1,0,1,1,1,1,0,1,0,1,0,0,1,1,0,1,1,1,1,1,1,1,1,0,1,1,0,1,0,0,1,1,1,0,75,15,0,0,0,1,0,0,0,1,1,0,0,1,1,0,1,1,0,0,1,0,1,0,0,0,1,0,0,0,1,0,0,0,1,1,0,1,0,0,1,1,0,1,0,0,1,0,0,1,1,1,1,0,0,0,1,0,1,0,1,1,0,1,1,0,1,0,0,1,1,1,1,1,1,0,1,0,1,1,0,1,0,0,0,1,1,1,0,1,0,1,0,0,1,0,0,1,1,0,1,0,1,0,0,1,0,0,0,1,0,1,0,1,0,1,0,0,1,1,1,0,0,1,0,0,0,1,1,0,1,1,0,0,1,1,1,1,1,1,1,1,0,1,0,0,0,1,0,1,1,1,0
159,27,0,0,1,0,0,0,55,175,107,62,91,75,1,1,1,1,1,1,1,1,1,0,1,1,0,1,1,1,1,0,0,0,0,1,1,0,1,1,0,1,0,0,0,1,0,0,1,1,0,1,0,75,160,1,1,1,0,0,0,0,1,0,1,1,1,0,0,0,0,0,0,1,0,1,1,0,1,0,0,1,1,1,1,1,1,1,0,1,0,0,0,0,0,0,0,0,0,0,0,1,1,0,0,0,1,0,1,1,0,1,0,0,0,1,1,1,0,1,1,0,0,0,1,0,1,1,0,0,0,1,1,0,1,1,1,1,1,1,1,0,1,0,1,1,0,1,1,1,0,1,0,1,0,0,1,1,0,0,1,0,0,0,0,0,0,1,0,1,1,1,1,1,1,1,1,1,0,1,0,1,0,1,1,0,0,1,1,0,0,1,1,1,1,1,1,0,0,0,1,0,0,0,0,0
148,36,1,0,0,0,0,0,64,184,91,57,99,86,1,1,0,1,1,0,0,1,0,0,0,0,1,1,0,1,0,1,0,1,0,1,0,0,1,0,1,0,1,0,1,0,0,1,1,1,1,0,0,75,149,1,0,1,0,0,1,1,1,1,0,0,1,1,0,0,0,1,1,1,0,1,1,0,0,0,1,1,0,0,1,0,1,1,1,0,1,0,0,0,1,1,0,0,1,0,0,0,1,1,1,1,1,1,1,1,0,0,0,0,0,1,1,0,0,0,1,0,0,1,1,0,1,0,1,1,0,1,1,1,0,0,0,1,0,0,0,1,1,1,0,0,1,0,0,1,1,1,0,0,1,0,1,0,0,0,1,1,1,0,1,1,0,0,0,1,1,0,1,0,1,1,1,0,0,1,0,0,1,0,1,1,0,0,1,0,1,1,1,0,0,0,0,0,0,1,1,0,1,1,1,0
15,56,0,0,0,1,0,0,67,187,90,59,93,87,0,1,1,0,1,0,1,1,1,0,1,0,1,1,0,1,1,0,0,1,0,0,0,0,0,0,1,1,1,1,0,0,1,1,1,1,1,0,0,75,16,1,0,1,0,0,1,1,1,0,1,1,1,0,0,0,0,1,1,1,1,1,0,1,1,0,1,1,1,0,0,0,0,0,1,0,1,0,0,1,1,1,1,1,0,1,1,1,1,1,0,1,0,0,1,1,1,1,0,1,0,0,0,0,1,1,0,0,1,1,1,1,0,1,0,1,1,1,0,0,0,0,1,0,1,0,1,1,1,1,0,1,1,0,1,0,0,1,0,1,0,1,1,0,0,1,1,0,1,0,1,0,0,0,1,0,0,0,0,1,1,1,0,1,0,0,0,0,0,0,1,0,1,1,0,1,0,0,1,1,0,0,0,0,0,0,0,1,0,0,1,0
151,23,1,1,0,0,0,1,65,165,84,79,86,63,1,1,1,0,0,0,1,0,1,0,1,1,1,1,1,0,0,0,1,1,0,0,0,1,0,0,0,0,0,0,0,1,0,0,0,0,1,1,0,75,152,1,0,1,1,0,0,1,0,0,0,0,1,0,1,1,0,0,0,0,1,0,1,1,0,1,1,0,0,0,1,0,1,0,0,0,0,1,0,1,0,0,0,0,0,1,0,0,1,0,0,1,0,0,0,0,1,0,1,1,1,0,1,1,1,0,0,0,0,0,0,1,1,1,1,0,0,1,1,1,1,0,1,1,1,1,1,1,0,0,0,1,1,1,1,0,0,1,0,1,0,0,0,1,1,1,0,1,0,1,1,0,1,1,1,1,0,1,0,0,1,1,1,0,1,1,0,0,0,0,1,1,0,0,0,1,0,1,1,1,1,0,1,1,1,1,1,0,1,0,0,1
87,25,1,0,0,0,0,1,74,174,99,65,91,90,0,0,0,1,0,0,1,1,1,1,0,0,1,0,0,0,1,0,1,1,0,0,0,1,0,1,0,1,1,0,0,1,0,0,0,1,1,1,0,75,88,0,1,0,0,0,0,0,1,0,1,1,0,1,0,1,0,0,1,0,1,1,1,1,0,1,0,0,1,1,1,1,1,1,1,0,1,0,1,0,1,1,1,0,0,1,0,1,1,0,0,0,0,1,0,1,1,1,0,1,0,0,0,0,1,1,1,1,0,1,0,0,1,1,0,0,0,1,0,0,1,1,1,0,0,0,0,1,1,1,1,0,1,0,0,0,1,1,1,0,0,1,0,1,0,0,0,0,0,0,1,1,1,0,0,1,0,1,1,1,1,1,0,0,1,1,0,0,1,0,1,0,0,1,1,0,0,0,0,0,0,1,1,1,1,0,0,0,0,1,1,1
153,35,1,0,0,0,0,1,80,180,90,68,97,77,0,1,0,0,0,0,0,1,1,1,0,1,0,1,1,1,0,0,1,0,0,0,0,1,0,0,1,0,1,0,0,0,0,0,1,0,0,0,1,75,154,0,0,0,0,0,0,0,0,1,1,1,1,0,1,1,0,0,0,1,1,1,0,0,1,0,1,1,1,0,0,0,1,0,1,1,0,0,1,1,1,1,1,0,1,1,0,1,1,1,0,1,1,1,0,0,0,0,1,1,1,0,1,0,1,1,0,1,1,0,0,0,0,1,0,0,0,0,0,0,1,0,1,0,1,1,0,1,1,1,0,1,0,1,0,1,0,1,0,0,1,0,0,0,1,1,1,0,1,0,1,1,0,1,0,0,0,1,0,1,0,1,0,1,0,1,0,1,0,0,0,0,1,0,1,0,1,1,0,0,0,1,1,1,1,1,0,1,0,1,0,1
22,46,0,0,0,1,0,0,60,180,90,73,94,82,1,1,0,1,1,0,1,1,1,0,0,0,1,1,0,0,0,1,1,1,0,0,1,1,0,0,1,1,0,1,0,0,0,0,1,0,1,1,1,75,23,1,0,1,0,0,0,1,0,0,0,0,0,1,0,1,0,1,0,0,0,0,1,0,0,1,1,1,1,1,1,0,1,0,1,0,0,1,0,1,1,1,1,1,0,1,1,0,1,1,1,0,1,0,0,1,0,0,0,0,1,0,1,1,1,1,1,1,1,0,0,0,0,1,1,1,1,1,0,0,0,1,1,1,0,0,0,0,1,1,0,1,0,0,1,0,0,1,0,0,1,1,0,1,1,1,0,1,0,0,1,0,1,1,0,1,1,1,1,1,0,0,0,1,1,0,0,0,1,0,0,1,0,1,1,1,1,1,0,0,0,0,1,0,0,1,1,0,0,0,1,0
76,37,0,0,0,1,0,0,74,194,85,77,105,90,0,0,0,1,1,1,0,0,0,0,1,0,1,0,1,0,0,0,0,0,0,1,1,1,1,0,1,0,0,1,1,0,1,0,1,0,0,1,0,74,77,0,0,1,0,1,0,1,0,1,1,0,0,0,1,1,1,1,1,1,1,0,0,1,0,1,1,1,0,1,0,1,1,1,1,0,1,1,0,0,1,0,0,0,0,0,0,1,1,1,0,0,0,0,0,1,1,0,0,0,0,0,1,0,0,1,1,1,1,1,1,0,1,0,0,0,1,0,1,0,1,1,0,0,0,0,0,0,1,1,1,1,0,1,1,1,0,1,1,0,0,0,0,1,1,0,0,1,1,0,1,1,1,0,1,1,1,0,1,1,1,0,1,0,0,0,0,0,0,1,0,0,0,0,1,1,0,0,0,0,1,0,1,0,1,1,0,1,1,1,0,0
136,26,0,0,0,0,1,1,62,162,88,57,98,83,0,0,1,1,0,1,1,1,1,0,0,0,0,0,0,0,0,0,0,0,0,1,0,1,0,1,0,1,1,0,1,1,0,1,1,0,1,1,1,74,137,1,0,1,1,1,1,1,1,0,1,1,1,1,0,0,1,1,0,1,1,0,1,1,0,0,1,0,0,1,0,0,1,0,0,0,1,1,0,0,0,1,0,0,1,1,0,1,0,1,1,0,1,1,0,0,1,0,0,0,0,0,1,0,1,0,1,0,0,0,1,0,1,1,0,1,0,0,0,1,0,0,0,0,0,1,1,1,0,1,1,1,0,1,0,1,0,1,1,0,1,1,0,1,0,1,1,0,0,0,0,0,0,1,1,0,1,1,1,1,1,0,0,0,0,0,1,0,0,1,1,1,1,1,0,0,0,1,0,1,0,1,0,1,0,1,1,0,1,1,0,0
33,38,0,0,0,1,0,0,57,177,80,70,92,80,1,1,1,0,1,0,1,0,1,1,0,1,0,0,1,0,0,0,1,0,1,0,1,1,1,1,0,0,0,0,0,1,0,1,1,1,1,0,1,74,34,1,1,0,0,0,0,1,0,0,1,0,0,0,0,1,0,0,1,1,0,0,0,0,0,0,0,1,0,0,0,0,0,1,0,0,0,0,0,1,1,1,0,1,0,1,1,0,0,0,1,1,1,1,1,1,0,1,0,1,1,1,0,1,0,0,0,0,1,1,0,1,1,1,1,1,0,1,0,1,1,0,1,1,0,0,1,0,1,1,0,0,1,1,0,1,0,0,0,0,0,1,1,1,0,0,1,0,0,1,1,1,1,0,1,1,1,0,1,0,1,1,0,1,1,0,1,0,0,0,1,0,0,1,0,1,1,0,1,1,1,0,1,0,1,1,1,0,0,1,1,1
90,34,0,0,1,0,0,0,33,153,103,67,94,83,1,1,0,1,1,0,0,1,1,0,1,1,1,1,1,1,0,0,0,1,0,1,0,0,0,1,0,0,1,1,0,1,0,1,1,0,1,1,0,74,91,1,1,1,1,0,1,1,0,1,0,1,1,1,0,0,1,0,0,1,1,1,0,0,0,1,1,1,1,0,0,0,1,0,0,0,0,0,0,0,1,0,1,1,1,1,0,0,0,1,1,0,0,0,1,1,1,0,0,1,1,1,0,0,0,1,0,0,0,1,0,1,1,0,1,1,0,0,1,0,1,1,1,1,1,0,0,0,0,0,0,0,0,1,0,0,1,1,1,1,1,1,0,1,0,1,1,0,0,0,0,1,0,0,0,0,1,1,1,0,0,1,0,1,1,0,0,0,0,1,1,0,1,0,1,1,0,0,0,1,1,1,0,1,1,1,1,0,0,1,0,1
99,49,1,0,0,0,0,0,43,163,101,71,90,87,1,1,0,0,1,0,0,0,0,1,0,0,0,1,0,1,1,1,1,1,1,1,0,1,1,1,0,1,0,0,1,1,1,0,0,1,0,0,1,74,100,0,0,0,0,0,1,1,0,1,1,1,1,1,1,0,0,0,0,1,1,1,0,1,0,0,1,0,1,0,1,0,1,1,0,1,1,0,1,1,0,0,1,1,0,0,0,0,1,1,1,1,1,1,0,0,1,1,1,1,1,0,0,1,1,0,0,1,1,0,1,1,0,0,1,0,0,0,0,1,0,0,0,0,1,1,0,1,0,0,1,1,1,0,0,0,1,0,0,1,1,0,0,0,0,1,0,0,0,0,1,0,1,0,0,1,1,0,1,1,1,0,0,0,1,1,1,0,1,1,1,1,1,0,0,1,1,1,0,0,0,0,0,0,1,1,1,0,1,0,0,0
5,30,1,0,0,0,0,1,77,177,90,69,92,80,1,1,1,1,0,1,1,1,0,1,0,1,0,0,1,1,0,0,1,1,0,0,0,1,0,0,1,1,0,1,0,1,0,0,1,1,0,1,0,74,6,1,0,0,1,0,1,1,0,0,1,0,0,1,0,0,1,1,1,1,1,0,0,0,1,0,0,0,1,0,0,1,1,1,1,0,0,0,1,0,1,0,0,1,1,0,1,0,1,1,1,0,0,1,0,0,1,0,1,1,1,1,1,0,1,0,1,0,1,1,0,0,1,1,1,1,0,1,0,0,0,1,1,1,0,1,0,0,1,1,0,0,1,0,0,0,1,0,1,0,1,0,0,0,1,0,0,1,1,0,0,1,1,0,0,1,0,1,0,0,0,1,1,1,0,0,0,1,0,1,0,1,1,0,0,1,1,1,0,0,0,1,0,1,0,1,1,1,1,0,1,0
41,43,0,0,0,1,0,0,72,192,94,85,109,89,0,1,0,0,1,0,0,1,1,0,0,1,0,1,0,0,0,1,0,0,1,1,0,0,0,1,0,1,0,0,0,1,1,1,0,0,0,0,0,74,42,0,1,0,0,1,1,0,0,1,1,0,0,1,1,0,1,1,0,0,1,1,1,1,0,1,0,0,1,0,0,0,1,1,0,0,0,0,0,1,0,0,1,0,0,1,1,1,0,1,1,0,1,1,1,1,0,0,1,1,0,0,1,1,1,1,0,1,0,0,1,1,1,0,0,0,0,0,1,1,0,0,0,0,0,0,0,0,1,0,0,0,0,0,0,1,0,1,1,0,0,0,0,1,0,1,1,0,0,0,1,1,0,0,1,1,0,0,1,1,1,0,1,1,1,1,0,0,0,1,0,1,0,0,1,1,1,1,1,0,1,1,1,1,1,1,1,0,1,0,1,0
52,39,0,0,0,1,0,1,73,173,81,78,104,90,1,1,0,0,0,0,1,0,1,1,1,0,1,0,0,0,0,0,0,1,1,1,0,0,0,1,1,0,0,0,1,1,1,1,0,0,1,0,1,74,53,1,0,1,1,0,0,1,1,1,0,1,0,0,0,0,0,0,1,1,1,1,0,0,0,1,0,0,0,0,1,0,1,1,1,1,0,1,1,0,1,1,0,1,1,1,1,0,0,0,1,0,0,0,1,1,0,0,1,0,0,1,0,0,0,1,1,1,1,1,1,1,0,0,1,0,0,0,0,1,0,0,1,0,0,1,1,0,1,0,1,0,0,1,0,1,0,1,1,1,0,1,1,0,1,1,1,0,1,0,0,0,1,0,0,1,0,0,0,1,1,0,0,0,0,0,0,1,1,1,0,1,1,0,1,1,0,0,1,1,1,1,0,1,1,1,1,0,0,0,0,1
126,28,0,0,0,1,0,0,67,187,102,62,107,82,1,1,1,0,1,0,1,0,0,0,0,0,0,0,0,1,0,0,0,0,1,1,0,0,0,0,1,0,1,0,1,0,0,1,0,0,1,1,1,74,127,1,0,1,0,1,0,1,1,1,1,1,1,1,0,1,1,1,0,1,1,1,0,0,0,1,1,0,0,0,1,0,0,0,0,0,0,1,1,0,0,0,1,1,1,0,0,0,0,0,1,1,0,1,0,1,1,1,1,0,1,0,1,1,0,0,0,1,0,1,1,0,1,1,0,1,1,1,1,0,1,1,0,1,1,0,0,0,1,0,0,1,0,1,0,0,0,0,1,0,1,0,1,0,1,0,1,0,0,1,0,0,0,1,0,0,0,1,0,1,0,0,1,1,1,0,1,0,0,1,1,0,0,0,1,1,0,1,0,0,1,1,0,1,0,0,0,1,1,0,1,1
78,23,1,0,0,0,0,0,74,194,105,69,103,86,1,0,0,1,1,1,0,1,1,0,1,1,0,0,0,0,1,0,1,0,0,0,1,0,1,1,0,0,1,0,0,0,0,1,0,0,1,1,0,74,79,0,1,0,1,0,0,1,1,0,1,1,1,0,0,1,1,0,1,1,1,1,0,0,1,1,1,0,1,0,1,1,1,0,0,0,0,0,0,0,1,0,1,0,0,0,1,1,1,0,1,1,0,0,1,0,1,0,0,0,0,1,1,0,0,0,1,0,0,1,1,0,1,1,1,0,1,1,1,1,0,1,0,1,0,1,1,1,0,1,0,0,0,0,0,0,0,0,0,0,0,0,1,1,0,0,0,1,1,0,0,0,1,0,1,1,1,0,0,1,1,0,1,1,1,0,0,0,0,0,1,1,1,0,1,1,0,0,1,0,1,0,1,1,0,1,0,1,1,1,1,0
30,43,0,0,0,0,1,0,67,187,95,70,90,89,1,1,0,1,1,0,1,1,0,1,1,1,0,0,0,1,1,0,1,1,1,0,1,0,1,1,1,1,1,0,0,1,1,0,0,0,1,0,0,73,31,1,0,1,0,0,0,1,1,1,1,1,0,1,0,0,1,0,0,1,0,0,0,1,0,1,1,1,1,1,0,0,0,0,0,0,0,1,1,1,1,0,1,1,0,0,1,0,0,1,1,1,0,0,0,1,1,0,1,0,1,0,0,0,0,1,0,1,1,0,0,1,0,1,0,1,0,0,1,0,0,0,0,1,0,0,1,1,1,1,0,1,0,1,1,1,1,1,0,0,1,0,0,0,1,1,1,0,0,1,0,0,1,1,0,0,0,0,1,1,0,1,1,0,1,0,1,0,1,0,0,1,0,0,0,1,1,1,1,1,0,1,1,0,0,1,1,0,1,0,0,1
42,46,0,0,0,0,1,1,76,176,96,60,98,84,1,1,0,1,0,1,1,1,0,0,0,0,0,1,1,0,1,1,1,0,1,1,1,1,1,0,1,0,1,1,0,0,0,1,0,1,0,0,0,73,43,0,0,0,0,1,0,1,1,0,0,0,0,0,1,1,0,1,0,0,0,0,1,0,0,1,0,1,0,1,1,1,1,1,0,1,1,0,0,0,1,1,0,1,1,1,1,1,1,1,0,1,1,1,0,1,0,1,1,0,1,0,0,0,1,0,1,0,1,0,1,0,0,0,0,0,1,1,0,0,0,0,1,0,0,1,0,1,0,0,0,0,0,1,1,1,0,0,0,1,0,0,1,0,1,1,0,0,1,1,0,0,0,0,0,0,1,1,0,1,0,1,0,1,0,1,1,1,1,1,0,1,0,1,1,0,1,0,1,1,1,0,1,0,1,1,1,0,0,0,1,1
149,39,1,0,0,0,0,1,50,150,96,56,95,80,1,1,1,0,0,1,0,0,1,0,1,0,0,1,0,1,0,1,0,0,1,0,0,0,0,0,1,1,0,1,0,1,0,0,0,0,0,0,0,73,150,0,1,0,0,1,1,0,1,1,0,0,0,0,0,1,1,0,1,1,0,0,0,1,1,1,1,1,1,0,0,1,0,0,1,0,1,0,1,0,0,0,0,0,0,1,0,0,0,0,0,1,1,0,1,0,1,0,1,1,1,1,1,1,1,1,0,1,0,1,0,0,0,0,0,0,0,0,0,0,0,1,0,0,0,1,1,1,0,1,1,0,0,0,1,1,0,1,0,1,0,0,0,0,0,1,0,0,1,0,1,1,1,0,1,0,1,1,0,0,1,1,1,1,0,1,0,0,1,0,1,1,1,1,1,1,1,0,0,1,1,0,0,1,1,0,0,1,1,0,1,1
86,42,0,1,0,0,0,1,95,195,90,71,93,82,0,1,0,0,0,1,0,0,1,0,0,1,1,1,0,1,0,1,0,1,1,1,0,1,0,1,1,1,1,1,0,0,0,0,1,1,0,0,0,73,87,1,0,0,0,1,1,0,0,0,0,0,1,1,1,0,0,0,1,1,1,1,1,1,0,0,1,0,0,0,1,1,0,0,1,1,0,0,1,0,1,1,1,0,1,1,0,0,1,0,0,0,1,1,0,0,1,0,0,0,0,1,1,1,1,0,1,1,1,0,1,1,0,1,0,0,1,1,1,0,1,0,0,0,1,0,1,0,0,0,0,0,0,0,0,0,1,0,1,0,0,1,1,1,0,0,1,1,1,0,0,0,0,1,1,0,1,1,1,0,1,1,1,0,1,0,0,1,1,0,0,1,0,0,1,0,0,1,1,1,1,0,0,0,0,1,1,1,1,0,1,1
115,45,1,0,0,0,0,0,47,167,99,89,95,80,0,1,0,0,1,1,1,0,0,0,0,1,0,0,0,1,1,0,0,0,1,1,0,0,1,0,0,0,0,0,0,0,1,0,1,1,1,1,0,73,116,1,0,1,0,0,0,1,1,0,1,0,1,0,1,0,0,0,1,1,0,0,0,0,0,0,1,1,0,0,0,1,1,0,1,1,1,0,1,1,1,0,1,1,1,0,1,0,1,0,1,0,1,1,1,0,1,0,0,0,1,1,1,0,1,0,1,1,1,0,1,1,1,1,0,0,1,0,0,0,0,1,0,1,1,0,0,0,0,1,0,1,1,0,0,0,1,0,1,1,0,0,1,1,1,0,1,0,0,0,0,1,1,0,1,1,0,0,0,0,0,1,1,0,1,1,0,0,0,0,0,1,0,1,1,0,1,1,1,0,0,0,1,1,1,1,0,1,1,0,0,0
48,33,0,0,0,0,1,0,78,198,103,90,109,84,0,1,1,0,1,0,1,1,1,0,0,0,1,0,0,0,0,0,0,0,1,0,0,0,0,1,1,0,0,1,0,0,0,1,1,1,0,1,1,73,49,0,0,0,1,1,0,1,0,1,0,0,0,0,0,1,1,1,0,1,1,0,1,0,0,1,0,0,1,0,0,1,1,0,0,0,1,0,1,1,0,0,0,0,0,0,0,0,0,1,0,0,1,1,0,1,1,1,1,1,1,1,1,0,1,0,1,1,1,1,1,0,1,0,1,1,0,0,0,0,0,1,1,0,0,1,1,0,0,0,0,1,1,1,0,0,1,1,1,1,0,1,1,1,1,1,0,0,0,0,0,0,1,1,1,1,0,1,0,1,1,0,1,0,0,1,0,0,0,0,1,0,1,0,0,1,0,0,0,1,0,1,0,1,0,1,1,1,1,0,0,1
32,33,0,0,0,1,0,0,64,184,98,58,93,82,1,1,1,1,1,1,0,0,1,0,0,0,0,0,0,1,0,0,0,1,1,0,0,0,0,0,0,1,0,1,1,0,0,0,1,0,1,1,1,73,33,1,0,1,0,1,0,0,0,0,1,1,0,1,0,1,1,0,0,1,1,1,0,0,1,0,1,0,1,0,1,1,1,1,0,1,1,0,1,1,1,1,1,0,1,0,1,0,1,0,1,0,1,0,1,1,0,0,1,1,1,0,0,1,0,1,1,0,1,0,1,0,0,0,1,1,1,1,0,0,0,1,0,1,0,0,0,1,1,0,0,0,1,1,1,1,0,0,0,1,1,1,0,1,1,0,0,0,1,1,1,0,1,0,0,0,0,0,1,0,0,0,1,0,0,0,0,1,1,0,0,0,1,0,0,1,1,1,1,0,1,0,0,0,0,0,1,0,1,0,1,0
3,29,0,0,1,0,0,1,84,184,98,91,95,88,0,1,1,0,1,0,1,1,1,1,1,0,1,1,0,0,1,1,1,1,0,1,0,1,1,1,1,0,1,0,0,0,0,0,1,1,0,0,0,73,4,0,0,1,0,1,0,1,0,0,1,0,1,0,0,0,1,0,1,1,1,0,1,0,1,1,0,1,0,1,0,1,1,0,0,0,0,0,1,0,0,0,1,1,1,0,1,1,0,1,1,1,1,1,1,0,0,1,1,1,1,0,1,1,0,0,1,0,0,1,1,0,1,0,0,1,1,1,0,0,1,0,1,0,0,0,1,0,0,1,1,0,0,0,0,0,1,1,0,0,0,0,0,1,1,0,0,1,1,0,0,0,0,1,0,0,1,0,1,1,0,1,0,1,0,0,0,1,1,0,1,1,1,1,1,0,1,0,0,0,1,0,0,1,1,0,1,1,1,0,0,1
80,37,1,0,0,0,0,0,76,196,88,74,93,84,0,1,0,1,1,1,0,0,0,0,1,0,1,1,1,0,0,1,0,0,1,0,0,1,1,1,1,0,1,0,0,0,0,1,0,1,0,0,1,73,81,0,1,0,1,1,1,0,1,1,0,0,0,1,1,1,0,1,1,0,0,0,1,1,1,1,0,0,0,0,1,1,1,0,0,0,1,0,1,1,0,0,1,0,0,1,1,0,0,0,0,1,0,1,1,1,0,0,0,0,1,0,1,0,1,0,1,1,0,0,0,1,0,1,1,0,0,0,0,0,1,1,0,1,0,1,1,0,0,0,0,1,1,0,1,0,0,1,1,0,1,1,0,1,0,1,1,1,0,0,0,1,1,0,1,0,1,1,1,1,0,0,1,1,1,0,1,1,0,0,1,0,1,0,0,0,0,1,0,0,0,1,0,0,1,0,1,1,1,0,1,0
6,24,0,1,0,0,0,0,49,169,85,59,88,83,0,1,1,1,1,0,1,0,1,1,0,0,1,1,1,0,0,0,1,1,0,1,1,1,1,0,1,1,1,0,1,0,0,0,1,1,1,1,0,73,7,0,1,0,1,1,1,0,1,1,1,0,0,1,1,0,0,1,1,0,1,0,1,0,0,1,0,0,0,0,1,1,0,0,1,1,1,1,0,1,1,0,0,0,0,1,1,0,0,1,1,0,1,1,1,0,0,0,1,1,0,0,0,0,0,0,0,0,0,0,0,1,1,1,0,0,0,0,1,0,1,0,0,1,0,1,1,1,0,1,1,0,0,1,0,0,0,1,1,1,0,1,0,0,1,1,0,1,0,0,1,0,1,1,1,0,1,1,1,1,1,0,1,0,1,0,0,0,0,1,1,0,1,1,0,0,0,1,0,1,0,0,0,0,1,1,0,1,0,1,1,1
103,22,0,1,0,0,0,0,60,180,81,88,110,89,1,1,1,0,1,0,0,0,1,0,1,0,0,1,0,1,0,1,0,0,1,1,1,0,0,1,1,0,1,1,1,1,1,0,0,1,0,0,1,73,104,0,1,0,0,0,0,1,1,0,0,0,1,1,1,1,0,0,0,0,0,1,0,0,1,1,1,0,0,1,1,1,1,1,1,1,1,1,1,1,1,0,0,0,1,1,1,0,1,1,0,0,0,0,0,1,1,1,1,1,0,1,0,0,0,0,1,0,1,0,1,0,1,0,0,0,0,0,0,1,0,0,0,1,1,0,1,1,0,1,0,1,0,0,0,1,1,1,0,0,1,1,0,1,0,1,0,1,0,1,1,1,1,0,0,0,1,1,0,1,0,1,0,1,0,0,0,0,1,0,1,0,0,1,1,1,1,1,0,0,1,0,0,1,0,1,0,1,0,0,0,0
133,45,1,0,0,0,0,0,73,193,90,90,97,89,0,1,1,1,1,0,0,1,1,1,0,0,0,0,0,0,0,1,1,1,1,0,1,1,1,0,1,1,1,1,0,0,1,1,0,0,1,1,0,73,134,1,0,1,0,1,0,0,1,0,1,1,1,1,1,0,0,0,1,0,0,1,1,1,0,1,0,0,1,1,0,0,1,0,0,1,1,1,0,1,1,0,1,1,0,0,0,1,1,0,0,0,1,0,0,1,0,1,0,1,0,0,1,1,0,1,1,1,0,1,1,0,1,0,1,1,0,0,0,0,0,0,1,1,0,1,1,1,1,0,1,0,1,0,1,1,1,0,1,1,0,0,1,1,0,1,1,0,1,0,0,1,0,1,0,0,1,0,1,1,0,1,0,1,0,1,1,1,0,0,1,0,0,0,0,1,0,1,0,0,0,0,0,0,1,0,1,0,0,1,0,0
18,28,0,0,0,0,1,0,59,179,98,70,93,90,0,1,1,0,1,1,1,1,1,0,0,0,1,1,1,1,1,0,0,1,0,0,1,0,1,0,0,1,0,0,0,1,0,1,1,0,0,0,1,73,19,1,1,1,1,1,1,0,0,0,1,0,0,0,0,1,1,1,1,1,1,1,0,0,0,0,1,1,0,1,0,0,0,0,1,1,0,0,1,1,1,1,1,0,1,1,1,1,0,1,1,1,0,1,1,0,0,1,1,1,0,0,0,1,0,1,0,0,1,1,1,0,1,1,0,0,0,1,1,0,1,1,1,0,0,0,0,0,0,0,0,1,0,0,0,0,1,0,1,0,1,1,0,0,1,1,1,1,0,0,0,0,0,0,1,1,0,1,0,1,0,0,1,0,0,1,1,0,0,1,1,1,0,1,0,0,1,1,0,0,0,0,0,0,0,1,1,0,1,0,1,0
163,47,0,0,1,0,0,0,47,167,117,88,101,63,0,1,0,0,1,0,0,0,1,1,1,1,0,0,0,0,1,0,1,0,0,0,0,0,0,0,1,0,0,0,0,1,0,0,0,0,1,0,0,72,164,1,1,0,1,0,1,0,0,0,0,0,1,1,1,0,0,0,0,0,1,1,1,0,0,1,0,0,1,1,1,1,0,1,0,0,1,0,0,1,1,1,1,1,1,0,1,1,1,1,1,0,0,0,1,0,0,1,1,0,1,0,0,1,1,0,0,1,0,1,0,0,0,1,0,1,0,1,0,0,1,0,1,1,1,0,0,0,1,1,1,0,0,0,0,0,1,1,1,1,1,1,0,1,0,0,1,0,1,0,1,0,1,0,0,1,1,1,0,1,0,0,0,1,0,1,1,1,0,0,0,0,1,0,1,1,0,0,0,1,0,0,0,0,0,1,0,1,1,0,1,0
91,31,0,0,1,0,0,0,41,161,98,59,108,89,0,1,1,1,1,0,0,1,0,1,1,0,1,1,1,1,1,0,1,1,1,1,1,0,0,0,0,0,0,0,1,1,1,1,0,1,1,1,1,72,92,0,1,0,1,0,0,1,1,1,0,1,0,0,1,1,0,1,0,0,0,0,1,1,0,0,0,0,0,0,0,0,0,0,1,1,0,0,1,1,1,0,1,1,1,1,0,0,1,0,1,0,1,1,1,1,0,1,0,1,0,0,1,0,1,0,1,1,1,1,1,1,0,0,0,1,1,0,0,0,0,1,1,1,0,1,1,1,0,0,1,0,1,1,0,0,0,0,1,1,0,0,0,0,0,1,0,0,1,0,0,1,0,1,0,0,0,1,1,0,0,1,1,1,0,0,1,0,1,1,0,0,0,1,0,1,1,1,0,1,1,0,0,0,1,1,1,0,0,0,1,1
45,28,1,0,0,0,0,1,78,178,103,87,102,86,1,1,0,1,0,0,1,0,0,0,1,0,1,1,0,0,1,1,0,1,0,1,0,0,1,1,1,0,0,0,1,1,1,0,0,0,1,0,1,72,46,0,0,1,1,1,0,1,0,1,1,1,0,0,0,1,0,0,1,0,0,0,1,0,1,0,1,0,0,0,0,0,1,0,1,1,1,1,1,1,1,1,0,0,0,0,0,1,0,0,1,0,1,1,1,1,1,0,1,1,1,0,0,0,0,0,1,1,0,1,1,1,1,1,0,1,0,0,1,1,0,1,0,1,0,0,0,1,0,1,0,0,0,1,1,1,0,1,1,0,0,1,0,0,1,1,0,1,0,0,0,1,0,0,0,1,0,0,1,1,0,1,1,0,1,1,1,1,0,0,0,0,0,0,1,1,0,0,0,0,1,0,1,0,0,0,1,1,1,0,0,1
135,23,0,0,0,1,0,0,42,162,85,82,101,84,0,0,1,1,1,1,1,0,1,0,1,1,0,0,0,0,1,1,1,0,0,0,0,1,0,0,0,1,1,0,1,1,1,1,0,1,0,0,1,72,136,0,1,1,1,0,0,0,1,0,1,0,0,0,1,0,1,0,1,0,0,1,1,1,0,1,0,0,0,0,1,0,1,1,0,1,0,1,0,0,0,0,1,0,1,1,0,0,0,0,0,0,1,1,0,0,1,1,0,1,1,0,0,0,0,0,1,1,0,1,1,0,1,1,1,1,1,0,0,0,0,0,0,0,0,1,1,0,0,0,1,1,0,0,0,1,0,1,0,1,1,1,1,0,0,0,1,1,1,0,1,1,1,0,1,1,0,0,0,0,1,0,1,1,0,1,0,0,1,1,1,1,1,1,1,0,1,1,1,0,0,0,1,1,1,1,0,0,0,1,0,0
35,25,0,0,1,0,0,0,45,165,94,91,93,89,0,1,1,1,1,0,1,1,1,1,1,0,0,1,0,1,1,1,0,0,0,1,1,0,0,1,1,0,1,0,1,0,1,1,1,1,1,0,0,72,36,0,1,0,0,0,1,0,0,1,1,1,1,0,1,1,0,1,0,1,1,1,1,1,1,1,1,1,0,0,1,0,0,0,1,0,1,1,0,1,1,1,0,0,1,0,0,1,1,0,1,0,0,1,0,1,1,1,0,1,1,0,0,0,1,1,1,1,0,0,0,1,1,0,0,0,1,0,0,1,1,1,0,0,0,0,0,0,0,0,1,0,0,1,0,1,1,1,0,0,1,1,1,0,0,0,0,0,1,0,0,0,1,1,0,0,0,1,1,1,0,1,1,0,1,1,0,0,0,0,0,1,1,0,0,0,0,0,0,0,1,1,0,1,1,0,1,0,1,1,0,0
164,32,1,1,1,0,0,1,92,192,98,92,96,90,0,1,1,1,0,0,1,0,0,1,1,0,1,1,1,0,1,0,1,1,1,0,0,1,1,1,1,0,1,0,0,0,0,0,1,1,1,1,0,72,165,0,1,0,1,1,0,1,1,0,1,0,1,1,1,1,0,0,0,1,1,0,0,1,1,0,1,1,0,1,1,1,1,0,1,0,0,0,0,0,0,1,0,0,1,0,1,0,0,0,1,1,0,1,1,0,0,1,1,0,1,0,1,1,0,0,0,1,0,0,0,0,1,1,1,1,0,1,1,1,0,0,1,1,0,1,1,1,1,1,0,0,1,0,0,0,0,1,0,0,0,1,0,0,1,1,1,0,1,0,0,0,1,1,1,0,1,0,0,0,0,0,0,1,0,1,0,1,0,0,1,0,1,0,0,1,1,0,1,0,0,1,1,0,0,1,1,0,0,0,1,0
169,26,1,0,0,0,0,0,44,164,88,68,96,78,1,1,1,1,1,1,1,1,1,1,1,0,1,1,0,1,0,0,1,1,0,0,0,1,1,0,1,1,0,1,0,0,0,0,1,0,0,1,0,72,170,0,1,1,0,0,1,0,0,1,0,0,0,1,0,1,0,0,1,0,1,0,1,1,1,0,1,1,0,0,0,1,0,0,1,1,0,1,1,1,0,1,0,1,0,0,1,1,1,1,1,1,1,1,1,0,0,1,1,1,0,1,1,1,0,0,1,0,1,0,0,1,0,1,0,0,1,0,0,1,0,0,0,0,1,0,1,1,0,0,1,0,0,0,1,0,1,0,0,0,0,0,0,1,1,1,1,1,1,0,1,0,0,0,0,0,0,1,0,0,1,1,1,1,0,1,0,0,0,1,1,0,1,0,0,0,0,0,0,1,1,1,1,0,0,1,0,0,1,1,1,0
132,47,0,1,0,0,0,1,68,168,93,85,109,86,0,0,0,0,0,1,0,1,0,0,0,0,0,0,0,1,1,0,0,0,0,0,1,1,1,0,0,1,1,1,1,0,0,0,0,1,1,1,0,72,133,0,1,0,1,1,0,0,0,0,1,1,1,0,0,0,0,1,1,1,1,0,0,0,0,0,1,1,1,1,1,0,1,0,0,0,0,0,0,0,0,1,0,1,0,1,1,0,1,1,0,1,0,0,1,0,0,1,1,1,1,1,1,1,1,1,0,1,1,0,1,0,0,0,0,1,1,1,0,0,0,1,0,0,1,0,0,1,0,0,0,0,0,1,1,1,1,1,1,1,0,0,1,1,0,0,1,0,0,0,0,0,0,0,1,1,1,0,1,0,1,1,0,1,1,1,0,1,1,1,0,0,0,0,0,0,0,0,0,1,0,1,1,1,0,0,0,1,0,1,1,1
97,45,1,0,0,0,0,0,32,152,86,88,107,90,1,0,1,1,1,1,0,0,0,0,1,1,0,0,1,0,0,0,1,0,0,1,1,0,0,1,1,1,1,1,0,1,1,0,1,1,1,0,0,72,98,1,0,1,1,1,1,1,1,0,1,1,0,1,0,0,1,0,0,0,1,0,0,0,0,1,1,1,0,1,1,0,0,1,0,1,0,1,1,0,0,0,1,1,0,0,1,1,1,0,1,0,0,0,0,1,1,1,1,0,0,1,0,1,1,1,0,0,1,1,1,1,1,0,1,1,0,0,1,1,1,0,1,0,1,0,0,1,0,1,0,1,1,1,0,0,1,1,0,1,0,1,0,0,1,0,0,0,0,0,1,0,0,1,0,0,0,1,1,1,1,1,0,0,1,0,0,1,0,0,0,0,0,1,1,0,1,0,0,1,1,0,0,0,0,0,0,0,1,1,0,0
89,28,1,0,0,0,0,1,100,200,97,58,105,85,1,1,0,0,0,1,0,1,0,1,1,0,0,0,1,0,0,0,0,0,1,0,0,0,0,0,0,0,1,0,1,0,1,0,1,0,1,0,1,72,90,1,0,0,0,0,1,1,0,1,0,0,1,1,1,1,0,1,1,0,1,1,1,1,0,1,1,1,0,0,0,0,1,1,0,0,0,1,0,1,0,1,1,1,1,0,0,1,1,0,1,1,0,1,1,1,0,0,1,0,1,1,0,0,0,0,0,0,0,1,0,1,0,1,0,0,1,0,1,1,0,1,0,0,1,0,0,0,0,0,0,1,0,1,1,0,1,0,0,0,1,0,1,0,1,1,0,0,0,0,0,0,0,1,1,1,0,0,1,0,1,1,0,0,1,0,1,0,0,1,0,1,0,0,1,1,1,1,0,1,0,1,1,1,1,0,0,0,1,1,1,0
140,24,0,0,0,0,1,0,71,191,82,75,90,88,0,0,1,0,1,1,0,0,1,0,1,0,0,1,0,1,1,1,1,0,1,0,1,0,1,0,1,0,1,0,1,1,1,0,1,0,0,0,0,72,141,1,1,1,1,0,1,1,0,1,1,1,0,0,0,1,0,1,1,1,0,0,0,0,1,0,0,1,1,1,0,0,1,0,1,1,1,0,1,0,1,0,0,0,1,0,1,1,1,1,0,1,1,0,1,0,0,0,0,0,1,0,1,0,0,1,0,1,0,0,1,0,1,1,0,0,0,1,0,1,0,0,1,1,1,1,0,0,0,1,1,1,1,0,1,0,1,1,0,0,1,0,1,0,1,0,1,1,0,0,0,0,0,1,0,1,0,1,1,0,0,1,0,1,0,0,0,1,0,0,0,0,0,0,1,1,0,0,1,1,0,1,0,0,1,0,0,1,0,1,1,1
79,22,0,0,0,1,0,1,98,198,84,90,94,88,0,0,1,1,0,1,0,0,0,1,0,1,1,1,0,1,1,0,0,0,1,0,0,0,1,1,0,0,1,0,0,1,1,1,0,0,1,1,1,71,80,1,0,1,1,0,1,1,1,1,0,1,0,0,0,0,0,1,1,0,1,1,1,0,0,0,0,0,1,0,1,0,0,0,0,0,1,0,0,0,0,0,1,1,0,0,1,0,1,1,1,1,1,0,0,1,1,0,1,1,0,1,0,1,0,0,1,0,1,0,1,0,1,1,1,0,0,1,0,0,1,1,0,1,0,0,1,1,1,0,1,0,0,0,0,0,1,0,1,1,0,0,0,0,1,0,0,1,0,0,0,1,0,1,1,1,0,0,0,0,0,1,0,1,0,1,0,1,1,1,0,1,0,0,1,0,1,0,1,1,1,1,0,1,1,0,1,1,0,1,1,0
9,31,1,0,0,0,0,0,45,165,80,58,85,85,1,1,1,1,1,1,0,1,1,1,1,1,1,1,1,1,0,1,1,1,1,1,0,1,1,0,1,1,1,0,1,0,1,0,1,1,1,0,0,71,10,0,0,1,0,0,0,1,0,0,0,0,0,1,0,0,1,0,0,0,0,1,1,0,1,1,0,1,0,0,0,0,0,1,1,0,1,1,1,0,1,1,0,1,1,0,1,0,0,0,1,1,1,1,0,0,1,0,0,1,0,0,1,0,0,1,0,1,0,1,0,0,0,1,0,1,1,1,1,0,1,0,1,0,0,0,1,1,0,1,0,1,0,1,1,1,1,1,1,0,0,0,1,0,1,0,0,0,0,0,0,0,0,1,1,1,1,1,0,0,1,1,0,1,1,1,1,1,0,1,0,0,1,0,0,0,0,1,0,1,1,1,0,0,1,0,1,1,0,1,1,0
39,21,0,0,0,0,1,0,59,179,90,70,94,82,0,0,1,0,1,0,1,1,0,0,0,1,1,0,1,0,0,0,1,0,0,1,0,0,0,0,0,0,1,0,0,0,0,0,1,1,0,0,1,70,40,1,0,0,1,0,0,0,0,1,1,0,0,1,1,0,0,1,0,0,1,1,1,1,0,1,0,0,0,0,1,1,1,1,1,0,1,0,1,0,1,1,0,1,0,0,1,1,1,0,0,0,0,1,1,0,0,0,1,0,0,0,0,1,0,0,0,1,0,0,0,1,0,0,0,0,0,0,0,1,1,0,0,0,1,0,1,1,1,0,0,0,1,0,0,1,1,0,0,1,0,1,1,0,1,1,1,0,0,1,1,1,0,1,1,0,1,0,0,0,0,1,0,1,1,0,1,0,1,1,1,1,0,0,1,1,0,0,1,1,1,0,0,0,1,0,0,1,1,1,1,1
142,23,0,0,0,1,0,0,44,164,82,57,101,90,1,0,1,0,1,0,0,1,1,1,1,0,0,0,0,0,0,0,1,0,0,1,1,1,0,0,1,1,0,1,0,0,0,0,1,0,1,1,1,70,143,0,1,0,0,0,0,1,0,1,0,1,0,1,0,0,1,1,0,1,1,1,1,0,0,1,0,0,1,0,1,1,1,1,1,1,0,1,1,0,0,0,0,0,1,1,0,1,0,1,0,0,1,1,1,1,1,0,1,0,0,1,0,1,1,1,0,1,1,0,0,0,0,0,1,1,1,0,0,0,0,1,1,0,0,1,0,0,1,1,0,1,0,0,1,1,0,1,0,0,0,1,0,0,1,0,0,0,0,0,0,1,0,0,0,1,1,1,1,0,0,1,0,0,1,0,1,0,1,1,0,0,1,0,1,1,0,0,0,0,1,0,1,0,1,0,1,1,0,1,0,0
17,24,0,0,1,0,0,0,45,165,94,59,88,85,0,1,0,0,1,1,1,0,0,1,1,0,1,1,1,0,1,1,1,0,1,0,0,0,0,0,0,1,0,0,1,0,1,1,0,0,1,1,0,70,18,1,1,0,0,1,1,1,0,1,1,0,1,0,0,1,1,0,1,1,1,0,1,0,0,0,1,1,0,0,1,1,1,0,1,0,1,1,0,1,1,1,1,0,1,0,1,0,1,1,0,0,0,1,1,0,0,0,0,0,1,1,0,1,1,1,0,0,0,0,0,0,0,0,1,1,0,0,1,0,0,0,1,1,1,0,1,0,0,0,0,0,1,1,1,1,1,0,1,0,0,0,0,1,1,1,0,0,0,0,1,0,1,0,0,0,1,0,0,0,0,0,1,1,0,0,0,1,1,0,1,1,0,1,1,0,1,0,1,1,0,0,0,0,0,1,1,0,0,1,0,1
88,24,0,1,0,0,0,1,55,155,101,74,103,83,1,1,1,1,0,1,0,1,0,1,1,1,1,1,1,1,1,0,0,0,0,1,0,1,0,1,0,1,0,1,0,1,0,0,0,1,0,0,0,70,89,0,0,0,0,1,0,0,1,0,1,0,1,0,1,1,0,0,0,0,1,1,0,0,0,1,1,1,0,0,0,0,1,0,0,0,1,1,0,0,1,0,1,1,0,0,1,0,0,1,1,1,0,1,1,1,0,1,0,0,0,1,0,1,0,1,0,1,1,0,0,1,0,1,0,1,0,1,1,1,1,0,1,1,0,1,0,0,0,0,1,0,0,0,0,1,1,1,1,1,0,1,0,1,0,1,0,1,1,1,0,1,0,0,0,0,0,0,0,0,0,0,1,0,1,0,0,0,1,1,0,0,0,1,0,1,1,1,1,1,1,0,1,1,1,1,0,0,1,1,0,0
16,61,1,0,0,0,0,0,67,187,85,70,92,90,1,1,1,1,1,0,1,1,0,0,0,1,0,1,0,0,0,1,1,1,1,1,1,0,0,1,1,1,0,1,0,1,1,0,1,0,0,0,0,70,17,1,1,1,1,0,0,1,0,0,1,1,0,0,0,0,0,0,0,0,0,1,0,1,0,0,0,1,1,1,1,0,1,0,0,0,1,0,0,0,0,1,1,0,0,1,0,1,1,0,0,1,1,0,1,0,1,1,1,0,0,1,1,1,1,1,0,0,0,0,1,1,1,1,0,1,1,1,1,1,0,1,0,0,1,0,1,0,0,0,0,1,0,1,1,1,1,1,0,1,1,0,0,1,1,1,0,0,0,1,0,0,0,0,0,0,1,0,1,0,0,0,1,1,0,0,0,0,1,0,1,1,1,0,1,0,0,0,1,1,0,0,0,1,1,1,0,1,0,0,0,1
10,19,1,0,0,0,0,0,59,179,95,70,90,89,1,1,0,0,1,1,1,1,0,1,0,1,0,1,0,1,1,0,1,0,0,1,1,0,0,0,1,1,0,0,1,0,0,0,0,1,1,1,0,70,11,0,0,0,1,0,1,0,1,1,0,1,1,0,1,1,0,0,0,0,1,1,1,0,0,1,1,1,0,0,1,1,1,1,1,0,1,0,0,0,0,0,0,1,1,0,0,1,0,1,1,0,0,1,1,0,1,0,0,1,0,0,1,0,1,0,1,0,1,0,0,1,0,0,1,0,0,0,0,1,0,0,0,1,1,0,0,0,0,0,1,0,1,0,1,1,0,0,0,0,0,1,0,1,1,1,0,1,1,1,1,0,1,1,0,1,0,1,1,1,0,1,1,0,0,1,0,1,0,0,0,1,1,0,1,0,1,1,0,0,0,0,1,1,1,0,0,0,0,1,1,0
25,22,0,1,0,0,0,0,57,177,90,89,95,80,1,1,1,0,1,1,0,1,0,1,0,1,1,1,1,0,1,1,0,1,1,1,1,1,0,0,0,1,1,0,1,0,0,0,1,1,0,0,0,70,26,0,1,0,1,1,0,0,0,1,1,1,1,0,1,1,1,1,1,0,1,1,1,0,1,0,1,1,0,0,0,0,0,1,1,1,1,0,0,1,0,1,1,0,0,0,0,0,0,1,1,0,1,1,0,1,1,0,0,0,0,0,0,0,1,0,0,1,0,1,0,0,0,1,1,1,0,0,1,1,1,0,0,0,0,0,0,1,1,0,0,1,1,0,1,1,0,0,0,0,1,0,0,0,1,1,0,1,0,0,0,1,0,1,1,0,0,0,1,0,0,0,0,1,0,0,1,1,1,0,0,0,1,1,1,0,0,0,0,0,0,1,1,0,1,1,1,1,1,0,1,1
23,32,0,0,1,0,0,0,64,184,98,91,92,80,0,1,0,1,1,1,0,1,0,1,0,0,1,1,1,1,1,0,1,0,1,0,1,0,0,0,1,1,0,0,1,0,0,0,1,1,0,1,0,70,24,0,1,0,0,1,0,0,1,0,0,0,0,0,1,0,1,1,0,0,1,0,1,0,1,1,0,1,0,0,0,1,0,1,1,0,1,0,1,1,0,1,0,1,0,0,1,1,1,0,1,1,1,0,0,1,1,0,0,1,0,0,0,1,1,1,1,1,0,1,1,1,1,0,0,0,0,0,1,1,0,0,1,0,0,0,1,1,1,1,1,0,0,1,0,0,0,1,0,1,1,1,0,0,1,1,0,0,0,0,1,0,0,1,0,0,0,1,0,0,0,1,1,0,1,0,1,1,1,1,0,0,0,1,0,1,0,0,0,1,0,1,1,0,0,0,1,1,0,1,0,0
2,38,0,0,0,1,0,0,60,180,90,60,90,89,1,0,1,1,0,0,0,0,1,1,0,1,0,1,1,1,1,1,0,0,1,0,1,0,1,0,1,0,1,0,0,0,0,0,1,0,1,0,1,70,3,0,1,0,0,1,0,1,1,0,0,0,1,0,1,1,1,0,0,0,1,0,1,1,0,0,1,1,0,0,0,1,1,0,1,0,0,1,0,0,1,1,1,1,0,0,1,0,1,0,1,0,1,1,1,1,0,0,0,0,1,0,0,1,1,1,0,0,0,0,0,0,1,0,1,1,1,1,1,0,0,1,0,1,1,0,0,1,0,1,0,1,0,0,0,0,0,0,1,1,0,1,0,1,1,0,1,1,1,0,1,1,0,1,0,1,0,1,0,1,0,0,0,0,1,1,0,1,0,1,1,0,1,0,1,0,1,0,0,0,0,1,1,1,0,0,0,0,1,0,0,0
34,35,0,1,0,0,0,0,49,169,95,73,88,85,1,0,1,0,1,0,1,1,1,0,1,0,1,1,1,0,1,1,0,1,1,1,1,0,0,0,0,0,0,0,0,0,1,1,1,1,0,1,1,69,35,1,1,0,1,1,1,0,1,1,0,1,1,1,0,0,1,1,0,1,0,1,0,0,0,0,1,1,1,1,1,1,0,0,0,0,1,0,0,0,1,0,0,0,0,1,0,0,1,0,0,1,0,0,0,0,0,0,1,0,1,1,1,0,1,0,1,1,0,1,1,0,0,1,0,0,1,0,0,1,1,1,0,0,1,1,1,1,0,0,1,1,1,0,0,0,0,1,0,0,0,0,0,1,0,1,0,1,1,1,1,0,1,0,1,0,0,1,0,0,1,1,0,0,0,1,0,1,0,1,1,0,0,0,0,1,0,1,1,0,0,1,1,0,0,0,0,1,1,0,0,1
106,50,1,0,0,0,0,0,78,198,100,75,100,87,1,1,1,0,1,0,1,0,0,1,0,1,0,1,1,0,0,1,1,1,1,0,0,0,1,0,0,1,1,0,0,0,1,0,0,1,0,1,0,69,107,0,0,1,0,1,0,1,1,1,0,1,1,0,1,0,0,0,1,0,1,1,0,0,1,1,0,0,1,0,1,1,1,1,1,0,0,1,1,0,0,1,1,0,1,0,1,0,0,0,0,0,0,0,0,0,1,0,0,0,0,1,1,1,1,0,0,0,1,0,1,0,0,0,1,0,1,0,1,0,0,1,0,0,0,0,0,0,0,0,0,0,1,1,1,1,0,0,0,0,0,0,1,0,1,1,1,1,1,0,0,1,0,1,0,1,0,1,0,1,1,0,0,0,1,1,1,0,1,1,1,1,0,1,0,0,1,1,1,0,1,1,0,0,0,1,1,0,0,1,1,0
75,31,1,0,0,0,0,0,32,152,80,70,98,82,0,0,1,0,1,0,0,0,0,1,1,1,1,1,0,1,0,1,0,0,0,1,0,0,0,0,1,0,1,0,0,1,0,1,0,1,0,1,1,69,76,0,0,0,0,0,0,0,0,1,0,1,0,0,0,0,1,1,0,1,0,1,1,1,0,1,0,0,1,0,1,1,0,1,1,1,1,0,0,1,1,0,0,0,1,0,1,1,1,0,1,0,1,0,1,0,1,0,1,0,1,0,1,0,0,0,1,0,0,0,0,1,1,1,0,1,0,1,1,0,0,1,1,0,0,1,1,1,0,1,1,0,0,0,0,1,0,0,0,1,1,0,0,0,1,0,1,1,0,1,1,1,1,1,0,0,1,1,0,1,1,0,0,0,1,0,1,0,1,0,0,1,1,1,0,0,0,0,0,0,1,0,0,1,1,1,0,1,0,0,0,0
145,30,0,0,0,1,0,1,53,153,101,57,95,90,0,1,0,0,0,1,0,0,1,0,1,1,0,1,0,0,0,0,0,0,0,1,1,1,0,0,0,0,0,1,1,0,1,1,1,1,0,0,0,69,146,0,1,0,0,1,1,0,1,0,0,0,1,0,0,0,1,0,1,0,1,1,1,0,0,0,0,0,0,1,1,1,0,1,1,0,1,1,0,0,1,0,0,0,0,1,0,0,0,0,1,0,1,0,1,1,0,1,0,0,1,1,1,1,1,0,0,0,0,1,1,1,0,0,0,0,0,1,1,0,1,1,0,1,1,1,0,1,1,0,1,1,0,0,1,0,0,1,1,0,1,1,0,0,0,0,0,1,0,1,0,1,1,0,1,1,0,0,0,0,0,0,0,1,1,0,0,1,1,1,0,0,0,1,0,0,1,1,1,0,0,0,1,1,1,1,0,0,0,1,0,1
102,27,0,0,1,0,0,1,58,158,80,77,105,85,1,1,0,0,0,1,1,0,1,0,1,1,1,0,0,1,1,0,0,1,0,1,1,0,0,0,0,0,1,0,0,0,0,1,1,1,1,1,1,69,103,1,0,0,1,1,1,0,1,1,1,0,0,0,1,1,1,0,0,0,1,1,0,0,0,0,0,0,0,1,1,1,1,1,1,0,0,1,0,0,1,1,0,0,1,0,0,1,0,1,0,1,1,0,1,1,1,1,1,1,0,1,1,1,0,0,0,1,0,0,1,1,0,0,0,0,1,0,1,0,0,0,0,0,1,1,0,1,0,1,0,1,0,1,0,0,0,0,0,0,1,0,1,1,1,1,0,0,1,1,0,0,0,0,0,1,0,1,1,0,0,0,1,0,1,1,0,0,1,0,1,1,0,0,0,0,0,1,0,1,0,0,1,0,1,0,0,1,1,0,1,1
54,26,0,1,0,0,0,0,67,187,89,77,110,88,1,0,0,0,1,1,1,1,1,1,0,0,0,1,1,1,1,0,0,0,0,1,1,1,1,1,1,1,1,0,0,1,0,1,1,1,0,1,1,69,55,1,1,1,1,0,0,0,1,0,0,1,0,0,0,1,1,0,1,1,0,0,1,1,0,1,1,0,1,1,0,0,0,1,0,1,1,0,1,1,0,0,0,0,0,1,1,0,1,0,1,0,0,1,0,0,0,0,0,0,0,0,0,0,0,1,0,0,1,0,0,0,1,1,0,0,0,1,0,0,0,0,1,1,1,1,0,0,1,1,1,1,1,1,0,0,1,0,1,0,0,0,1,1,0,1,0,0,1,1,1,1,1,1,0,0,0,0,1,0,0,0,0,0,0,0,0,0,1,1,1,1,1,0,0,0,1,1,1,1,1,0,1,1,1,1,1,0,0,0,1,1
29,26,1,0,0,0,0,0,45,165,80,69,96,85,1,1,0,1,1,0,1,0,0,0,1,1,0,0,1,0,0,0,1,1,1,1,1,0,0,1,0,0,0,0,0,1,0,0,0,1,1,0,0,69,30,0,0,0,1,1,1,0,1,0,0,0,1,0,0,0,0,0,1,0,1,1,0,1,1,0,0,0,0,1,0,0,1,0,1,1,0,1,1,1,0,0,0,1,1,0,1,1,0,1,0,0,0,0,1,1,1,0,0,1,1,1,1,0,1,0,1,0,1,0,1,0,0,0,1,1,0,0,0,1,0,0,1,0,1,1,1,1,0,0,0,0,1,0,0,0,0,0,0,1,0,0,1,1,0,0,1,0,1,1,0,0,1,0,1,1,0,1,1,0,0,0,0,0,0,0,1,1,0,1,0,1,1,1,1,1,1,0,0,0,1,1,0,1,0,1,0,0,1,0,1,1
127,24,1,0,0,0,0,0,41,161,95,65,103,90,0,1,0,0,1,1,0,1,0,1,0,0,0,0,0,0,0,1,1,0,1,0,1,1,0,0,0,1,1,1,1,1,0,1,1,1,0,1,1,68,128,0,1,0,0,0,1,1,0,1,0,0,0,1,0,0,0,1,0,0,1,0,1,0,1,1,0,1,1,1,0,0,0,0,0,0,1,1,1,0,0,0,0,0,0,1,1,0,1,0,0,1,1,1,1,0,0,0,1,0,0,0,1,1,0,1,0,1,0,1,1,0,0,0,1,0,0,0,0,1,0,0,1,0,0,1,1,0,0,0,0,0,1,0,0,0,1,0,1,1,0,1,1,1,1,0,0,0,1,1,0,0,0,1,1,1,0,1,1,0,1,0,0,1,0,1,1,0,1,1,1,0,1,1,1,1,0,0,0,1,0,1,0,1,0,1,0,0,1,0,1,1
156,25,1,0,1,0,0,1,81,181,91,74,96,79,1,1,0,1,0,0,1,1,1,1,1,1,1,1,1,1,1,1,1,1,1,0,0,1,1,1,1,0,1,0,0,0,0,0,1,1,0,1,1,68,157,0,1,0,1,0,0,1,1,1,0,1,0,0,1,1,1,0,0,1,1,1,1,1,1,0,0,0,0,1,1,0,0,0,1,1,1,0,1,1,1,0,0,1,0,0,1,0,1,1,1,0,1,0,1,0,1,0,1,0,1,0,0,1,1,0,0,1,1,0,0,1,1,0,0,1,0,1,0,1,1,1,0,1,0,0,0,0,0,1,0,1,0,0,0,0,1,1,0,1,0,0,0,0,0,0,0,0,0,1,1,0,0,1,0,0,0,0,1,1,0,0,0,0,0,0,0,1,0,1,1,1,1,0,0,0,0,0,0,1,1,1,1,0,0,0,0,0,1,1,1,1
68,54,1,0,0,0,0,1,81,181,99,71,109,88,1,0,1,1,0,1,1,0,0,0,0,1,1,0,1,0,1,0,0,1,1,1,1,0,1,1,0,0,1,0,0,0,1,1,1,0,1,0,1,68,69,0,0,0,1,0,0,1,0,0,1,1,1,1,0,1,0,0,0,1,1,1,1,1,0,0,0,0,0,1,1,0,1,1,0,1,1,1,0,0,0,0,1,1,1,0,1,0,0,0,0,0,0,0,0,0,1,1,0,0,0,1,1,1,0,1,1,0,1,1,0,1,1,1,0,0,1,1,1,1,1,0,1,0,0,1,1,1,0,0,1,1,0,1,1,0,1,0,1,0,1,0,0,1,0,0,1,0,1,0,1,1,0,0,1,1,0,1,0,0,0,0,0,0,0,0,0,0,0,0,0,0,0,0,1,0,0,0,1,1,0,0,1,0,1,1,1,0,1,0,1,0
168,22,1,0,0,0,0,1,75,175,100,90,102,81,1,1,1,1,0,0,1,0,0,0,1,0,0,1,1,0,1,0,1,1,1,0,0,1,1,1,1,0,1,0,0,0,0,0,1,1,0,1,0,68,169,1,0,0,0,0,0,0,1,1,1,1,0,0,1,0,0,1,1,1,0,1,1,0,1,0,0,0,0,1,0,0,1,1,0,0,1,0,1,0,1,0,1,0,0,1,0,1,1,1,0,1,0,1,1,1,1,0,0,0,0,0,1,0,0,0,1,0,0,1,0,0,1,0,1,0,0,0,0,1,1,1,1,0,0,0,1,0,0,1,0,0,1,0,1,1,0,0,1,1,0,0,1,1,0,0,1,0,1,0,0,1,1,1,1,1,1,1,1,1,1,0,0,1,0,0,0,0,0,1,1,1,0,1,0,1,0,0,0,0,0,0,1,0,0,1,1,0,1,1,0,0
112,41,0,0,0,1,0,1,68,168,98,88,93,83,0,1,0,0,0,0,1,1,1,0,0,1,1,0,0,0,1,1,0,0,1,0,1,0,0,1,0,1,1,1,0,1,1,1,1,0,0,1,0,67,113,1,0,1,1,0,1,1,1,0,0,0,1,1,1,0,0,0,1,0,0,1,0,1,1,1,1,0,0,1,0,0,1,1,0,0,1,0,0,1,0,0,1,1,1,1,1,0,1,0,0,0,0,1,1,1,0,0,0,1,0,1,0,1,1,1,1,1,0,0,0,1,0,1,1,0,0,0,1,1,0,0,0,0,0,1,1,1,1,0,0,0,0,0,0,0,0,0,0,1,1,0,1,0,1,1,1,0,1,0,1,0,1,0,0,0,0,0,0,0,1,0,0,0,1,0,0,1,1,0,1,0,0,0,1,1,1,0,0,1,0,1,0,0,0,0,1,0,0,1,1,1
144,28,0,0,0,1,0,0,42,162,93,74,96,87,1,1,0,1,1,0,0,1,1,1,0,0,1,1,1,0,1,1,1,1,0,1,1,1,0,0,0,0,0,1,1,0,1,0,1,0,0,0,0,67,145,1,1,0,1,1,1,0,0,0,0,0,0,0,1,0,1,0,1,0,0,1,1,1,0,0,1,1,1,0,0,0,0,1,0,1,0,1,1,0,0,1,0,0,1,1,1,0,1,1,1,1,1,0,1,1,0,1,1,1,0,1,1,0,0,0,0,1,0,0,1,0,1,0,0,1,0,1,0,1,1,0,1,1,0,0,0,1,0,1,0,0,1,1,0,1,0,0,0,0,1,1,0,0,0,0,1,0,0,1,0,1,0,1,0,0,1,1,0,0,0,0,1,0,0,0,1,1,1,0,0,1,0,0,0,1,1,0,1,0,0,0,1,1,0,0,0,1,1,0,0,0
36,48,0,0,0,1,0,0,45,165,98,70,92,88,0,1,1,1,1,1,1,1,1,1,1,0,1,0,0,1,1,1,1,1,0,1,1,0,0,0,0,1,0,1,0,1,0,1,0,1,0,0,1,67,37,0,0,0,1,1,1,1,1,0,1,1,1,0,0,1,1,0,0,1,0,1,0,1,0,0,0,0,1,0,0,0,1,0,1,0,0,0,0,0,1,1,0,1,0,0,1,0,1,0,0,1,0,0,1,1,0,1,1,0,0,0,1,1,1,0,0,0,0,1,0,1,0,0,0,0,1,1,1,1,0,1,1,0,0,1,1,1,1,1,1,0,0,0,1,1,1,1,0,0,1,0,1,0,0,0,0,1,0,0,0,0,1,0,1,0,0,0,1,0,1,0,1,0,0,0,1,0,1,1,1,1,1,0,1,0,0,1,0,0,1,1,1,0,1,0,0,0,0,0,0,0
63,45,0,0,0,1,0,1,61,161,89,58,106,84,0,0,0,1,0,1,1,1,0,0,1,1,1,1,0,0,1,0,0,0,0,1,1,0,0,1,0,1,0,0,1,1,1,1,1,1,1,0,0,66,64,1,1,1,1,0,1,1,0,0,0,1,1,1,0,0,1,1,1,0,0,0,1,0,1,1,0,1,0,1,0,0,0,0,0,0,0,0,0,0,0,0,0,0,0,1,1,0,1,1,0,1,0,1,0,1,0,0,0,0,1,1,1,0,0,0,1,1,1,1,1,0,0,1,0,1,0,0,0,0,0,1,0,0,1,0,0,0,1,1,0,1,0,1,1,1,0,0,0,0,1,1,1,1,0,0,0,0,0,1,1,1,1,1,0,1,1,0,0,0,0,0,1,0,1,1,0,1,1,0,1,1,0,1,0,1,1,1,0,0,0,0,0,0,1,1,0,0,0,0,1,0
119,27,1,0,0,0,0,0,63,183,94,75,91,89,1,0,0,0,1,1,0,1,1,0,0,1,1,1,0,1,1,0,0,0,1,0,0,1,0,0,1,0,0,1,1,1,1,0,1,1,1,1,0,66,120,0,0,1,0,1,1,1,0,1,0,1,1,1,1,0,0,0,0,0,1,1,0,0,1,1,0,1,0,0,0,1,0,1,1,1,0,1,1,1,0,0,0,0,0,0,0,1,1,0,1,0,0,0,0,0,0,1,1,0,0,0,0,1,0,0,0,0,1,1,0,0,1,0,1,0,0,0,1,1,0,0,0,0,0,1,1,0,0,0,0,1,1,0,0,0,0,1,1,0,1,1,1,0,0,0,0,1,1,1,0,0,1,0,0,1,1,0,1,1,0,1,1,1,0,0,0,0,0,0,1,1,0,1,1,0,1,1,0,1,1,1,0,1,0,0,1,1,1,0,0,0
20,34,0,0,1,0,0,0,45,165,95,58,88,89,0,1,0,1,1,1,1,1,1,1,0,1,1,0,1,0,1,0,0,1,1,0,1,1,1,0,0,0,0,0,1,1,0,1,0,0,0,1,0,66,21,1,1,0,1,0,1,0,0,1,0,0,0,0,0,0,1,0,1,1,0,0,1,1,0,1,1,1,0,0,0,0,1,0,0,0,0,1,1,1,0,0,0,0,1,0,0,1,0,0,1,0,1,0,0,0,0,0,0,0,1,1,0,1,1,0,0,0,0,1,0,0,0,1,0,1,1,0,0,1,1,1,0,0,0,0,0,0,1,0,1,0,1,1,1,1,1,0,1,1,1,1,1,1,1,0,0,0,1,0,0,0,1,1,0,0,1,1,0,0,0,0,1,0,1,1,1,1,0,1,0,1,1,0,0,1,0,0,0,1,1,1,0,0,1,1,0,0,0,0,1,1
95,63,1,0,0,0,0,0,79,199,95,69,108,80,1,0,1,0,1,0,0,0,0,1,1,1,0,1,0,0,1,0,1,1,0,1,1,0,0,1,0,0,0,0,0,0,0,1,0,1,0,1,1,66,96,0,0,0,0,0,0,1,0,1,1,1,1,0,1,1,0,0,0,1,1,0,1,0,1,1,0,0,0,0,0,1,1,0,0,1,0,0,0,1,0,1,0,0,1,1,1,0,0,0,1,0,1,0,1,0,1,0,0,1,0,1,1,1,1,1,1,0,0,0,0,0,1,1,1,1,0,0,1,0,0,1,0,1,0,0,0,0,0,0,0,1,0,1,0,1,0,1,0,1,0,1,0,0,0,0,0,1,1,0,1,1,0,0,0,0,0,1,0,0,0,0,0,1,0,1,1,0,1,0,0,1,1,1,1,0,0,1,1,1,0,1,1,1,0,1,1,0,1,0,0,0
50,47,0,1,0,0,0,1,92,192,81,82,93,86,0,0,1,0,0,0,1,1,1,0,1,1,0,0,1,1,0,1,0,1,1,0,1,0,0,1,0,0,1,0,0,0,0,0,0,0,1,1,1,66,51,0,0,0,0,0,1,0,0,0,1,1,1,0,0,1,0,1,1,0,0,0,0,1,0,1,1,1,1,1,0,1,1,0,1,0,0,0,1,0,1,0,1,0,1,0,0,0,0,1,1,1,0,0,0,0,0,0,0,0,1,0,1,0,1,0,0,0,1,1,1,1,1,0,0,1,1,1,0,0,1,0,0,1,1,0,0,1,1,0,1,1,0,0,1,0,1,1,0,0,1,0,1,1,0,1,1,0,1,0,0,0,0,1,0,0,1,0,1,1,0,0,1,0,0,1,1,1,0,0,1,0,1,0,0,0,1,1,0,0,0,1,0,0,0,0,1,1,0,0,0,1
157,36,1,0,0,0,0,0,47,167,96,75,104,65,1,1,1,1,1,1,1,1,1,1,1,0,1,1,0,1,1,0,1,1,0,0,0,1,1,1,1,0,0,1,0,0,0,0,0,1,1,1,0,66,158,1,0,1,0,1,1,1,0,1,0,0,1,1,0,0,0,1,0,1,1,1,0,0,1,0,0,0,1,0,0,0,1,0,0,0,0,1,0,0,0,0,0,0,0,0,0,0,0,0,0,0,1,1,1,0,0,1,1,1,0,1,0,0,0,0,0,1,1,0,1,0,1,0,0,1,0,0,0,1,1,1,1,0,1,1,0,0,1,1,1,1,1,1,0,0,1,1,0,1,0,0,0,0,0,0,1,0,0,0,0,1,1,1,0,1,0,0,0,1,0,0,0,0,0,1,1,0,1,0,1,1,1,1,1,0,1,0,1,0,0,1,0,1,1,1,0,1,0,1,1,1
83,47,0,0,1,0,0,0,50,170,93,75,94,86,1,0,0,0,1,1,1,1,1,0,1,0,0,1,1,1,1,0,0,0,0,1,0,1,1,0,0,0,1,1,1,1,1,1,1,0,0,1,1,65,84,1,0,1,1,0,1,1,1,1,1,0,0,1,1,0,1,1,1,0,1,1,0,0,0,0,0,1,0,0,0,0,0,0,0,0,0,1,0,1,0,1,1,1,0,0,0,1,1,0,1,1,1,1,1,0,1,1,0,1,0,0,1,1,0,1,0,0,0,0,0,0,0,0,1,1,0,1,1,0,1,1,0,0,0,1,0,1,0,1,1,0,1,0,0,0,0,0,1,1,0,1,0,0,1,0,0,0,0,1,0,0,0,0,1,1,1,0,1,0,0,1,1,1,0,1,0,0,0,0,1,1,0,1,0,1,0,0,0,0,1,1,1,0,0,0,0,0,0,1,0,0
4,41,0,0,0,0,1,1,79,179,92,77,93,82,1,0,1,0,0,1,1,0,1,1,0,1,0,1,1,0,0,0,0,0,1,1,1,1,1,1,1,0,0,0,1,0,0,0,0,1,0,0,1,65,5,0,0,1,0,0,0,0,0,0,1,1,1,0,0,0,0,0,1,0,1,1,1,1,1,0,1,1,0,0,0,1,0,1,0,0,1,1,0,0,0,1,1,0,0,1,1,1,1,1,0,0,0,0,1,1,0,1,0,0,0,0,1,0,1,0,0,0,0,0,1,0,1,1,0,0,0,0,1,0,0,0,0,1,1,1,1,0,0,1,1,0,0,1,1,1,0,0,0,1,0,1,1,0,1,1,1,1,0,1,0,1,1,0,0,0,1,1,1,0,0,0,0,0,0,0,0,0,0,1,1,0,0,1,1,1,0,1,0,0,0,1,0,0,1,1,0,1,0,1,0,0
13,34,1,0,0,0,0,0,49,169,98,77,90,80,1,0,1,0,1,1,1,1,0,0,0,0,1,1,1,1,0,0,0,1,1,1,1,0,1,0,0,1,1,1,0,1,1,1,1,1,0,0,0,65,14,0,1,0,0,0,1,0,1,0,0,0,1,1,0,1,1,1,1,0,1,1,1,1,0,1,0,0,1,0,0,0,0,1,0,0,1,0,0,1,1,0,0,1,0,1,1,0,0,1,1,0,0,0,0,1,0,1,0,1,1,1,0,0,1,0,1,1,1,0,0,0,1,1,0,0,0,0,0,0,0,0,0,0,0,0,0,0,0,1,1,1,1,1,1,0,0,0,1,0,0,0,1,0,0,1,1,0,1,0,1,1,0,0,0,0,1,1,0,0,1,1,1,0,1,0,0,1,0,0,1,1,0,0,0,1,0,0,1,0,0,0,0,1,1,0,0,1,0,1,1,1
24,19,1,0,0,0,0,0,59,179,92,77,88,82,1,1,1,1,1,0,0,0,1,1,0,1,0,1,0,0,0,1,0,0,0,1,1,1,1,1,0,0,1,0,0,0,1,0,0,0,1,1,1,64,25,1,0,1,0,1,1,1,1,1,1,1,1,1,1,0,0,1,0,0,1,1,0,1,1,0,0,0,0,1,0,0,0,0,0,0,0,1,1,0,1,0,1,0,0,1,0,0,1,1,0,0,0,1,0,1,0,1,0,0,1,1,0,1,1,0,0,0,1,0,0,1,0,0,0,0,1,0,1,0,1,0,0,1,0,1,0,0,1,0,1,1,1,0,0,0,1,1,0,0,0,1,0,1,1,0,0,1,0,0,0,0,0,0,0,0,1,0,0,0,1,0,0,1,0,0,0,0,0,0,1,0,1,1,0,1,0,1,0,0,0,1,0,0,1,1,1,1,1,1,0,1
107,51,0,0,0,1,0,0,58,178,93,66,103,83,1,1,1,0,1,0,0,0,0,0,1,1,1,0,0,0,0,0,1,1,0,0,0,0,0,0,1,1,0,0,1,0,1,1,0,1,1,0,1,64,108,1,0,0,0,1,1,1,0,1,1,1,0,0,1,1,1,1,0,0,0,0,0,0,0,1,0,0,0,1,1,0,1,1,0,1,1,1,1,1,0,0,0,1,0,1,1,0,1,0,1,0,0,0,0,1,1,0,0,1,0,1,1,0,0,0,0,0,0,1,0,1,1,1,0,0,0,0,0,0,0,0,0,1,1,1,1,0,0,1,0,0,1,0,1,0,1,1,0,0,0,1,0,0,0,1,1,1,1,0,0,0,1,1,0,0,0,1,0,1,1,1,0,0,0,0,1,0,1,0,1,0,1,0,0,0,1,0,0,0,1,1,1,0,1,0,0,0,1,0,0,0
155,17,1,0,0,0,0,1,78,178,89,82,90,76,1,1,1,1,0,1,1,0,1,0,1,1,1,1,1,1,1,1,0,0,1,1,1,0,0,1,0,1,0,0,1,0,0,0,1,1,0,1,0,64,156,1,1,0,1,1,0,1,0,1,0,0,1,1,0,0,0,0,1,0,0,1,1,0,1,1,0,0,0,0,0,0,1,0,0,0,0,1,0,1,0,0,0,0,0,1,1,0,0,0,0,0,1,1,1,0,0,0,1,1,1,0,0,0,0,1,1,1,0,1,1,0,1,1,1,1,0,0,0,0,1,0,0,0,0,1,1,0,1,0,0,1,0,0,0,0,1,1,0,0,1,0,0,0,1,0,0,0,0,0,1,1,1,0,0,1,1,1,1,1,0,1,1,0,1,1,1,0,1,0,0,1,0,1,1,0,0,1,0,1,0,0,0,1,0,1,0,0,0,0,1,1
93,57,1,0,0,0,0,0,66,186,81,84,90,85,1,0,1,0,1,0,1,0,1,1,0,0,1,1,1,0,1,1,1,1,1,0,1,1,0,1,1,1,1,1,0,0,1,0,0,0,0,0,0,60,94,1,0,1,1,1,0,1,1,0,0,0,0,0,0,1,0,1,0,0,1,1,0,0,1,1,1,1,0,1,0,0,0,0,0,0,0,0,1,0,1,0,0,0,1,1,0,1,1,0,0,1,0,0,1,0,0,0,1,0,1,1,0,0,1,0,0,0,1,0,0,1,0,0,1,1,0,1,0,0,0,1,1,0,0,1,0,0,0,1,0,0,1,0,1,1,1,0,1,0,1,0,0,0,0,0,1,1,0,1,1,1,0,1,1,0,1,0,0,1,0,0,1,0,1,0,1,0,1,0,1,0,0,0,1,0,0,0,0,1,0,0,0,1,1,0,0,0,1,0,0,0
